TICKER,TICKER_NM,TICKER_TYPE,TICKER_STAT
000020,동화약품,0,정상
000040,KR모터스,0,정상
000050,경방,0,정상
000070,삼양홀딩스,0,정상
000075,삼양홀딩스우,0,정상
000080,하이트진로,0,정상
000087,하이트진로2우B,0,정상
000100,유한양행,0,정상
000105,유한양행우,0,정상
000120,CJ대한통운,0,정상
000140,하이트진로홀딩스,0,정상
000145,하이트진로홀딩스우,0,정상
000150,두산,0,정상
000155,두산우,0,정상
000157,두산2우B,0,정상
000180,성창기업지주,0,정상
000210,DL,0,정상
000215,DL우,0,정상
000220,유유제약,0,정상
000225,유유제약1우,0,정상
000227,유유제약2우B,0,정상
000230,일동홀딩스,0,정상
000240,한국앤컴퍼니,0,정상
000270,기아,0,정상
000300,대유플러스,0,정상
000320,노루홀딩스,0,정상
000325,노루홀딩스우,0,정상
000370,한화손해보험,0,정상
000390,삼화페인트,0,정상
000400,롯데손해보험,0,정상
000430,대원강업,0,정상
000480,조선내화,0,정상
000490,대동,0,정상
000500,가온전선,0,정상
000520,삼일제약,0,정상
000540,흥국화재,0,정상
000545,흥국화재우,0,정상
000547,흥국화재2우B,0,정상
000590,CS홀딩스,0,정상
000640,동아쏘시오홀딩스,0,정상
000650,천일고속,0,정상
000660,SK하이닉스,0,정상
000670,영풍,0,정상
000680,LS네트웍스,0,정상
000700,유수홀딩스,0,정상
000720,현대건설,0,정상
000725,현대건설우,0,정상
000760,이화산업,0,정상
000810,삼성화재,0,정상
000815,삼성화재우,0,정상
000850,화천기공,0,정상
000860,강남제비스코,0,정상
000880,한화,0,정상
000885,한화우,0,정상
00088K,한화3우B,0,정상
000890,보해양조,0,정상
000910,유니온,0,정상
000950,전방,0,정상
000970,한국주철관,0,정상
000990,DB하이텍,0,정상
000995,DB하이텍1우,0,정상
001020,페이퍼코리아,0,정상
001040,CJ,0,정상
001045,CJ우,0,정상
00104K,CJ4우(전환),0,정상
001060,JW중외제약,0,정상
001065,JW중외제약우,0,정상
001067,JW중외제약2우B,0,정상
001070,대한방직,0,정상
001080,만호제강,0,정상
001120,LX인터내셔널,0,정상
001130,대한제분,0,정상
001140,국보,0,정상
001200,유진투자증권,0,정상
001210,금호전기,0,정상
001230,동국제강,0,정상
001250,GS글로벌,0,정상
001260,남광토건,0,정상
001270,부국증권,0,정상
001275,부국증권우,0,정상
001290,상상인증권,0,정상
001340,백광산업,0,정상
001360,삼성제약,0,정상
001380,SG글로벌,0,정상
001390,KG케미칼,0,정상
001420,태원물산,0,정상
001430,세아베스틸지주,0,정상
001440,대한전선,0,정상
001450,현대해상,0,정상
001460,BYC,0,정상
001465,BYC우,0,정상
001470,삼부토건,0,정상
001500,현대차증권,0,정상
001510,SK증권,0,정상
001515,SK증권우,0,정상
001520,동양,0,정상
001525,동양우,0,정상
001527,동양2우B,0,정상
001530,DI동일,0,정상
001550,조비,0,정상
001560,제일연마,0,정상
001570,금양,0,정상
001620,케이비아이동국실업,0,정상
001630,종근당홀딩스,0,정상
001680,대상,0,정상
001685,대상우,0,정상
001720,신영증권,0,정상
001725,신영증권우,0,정상
001740,SK네트웍스,0,정상
001745,SK네트웍스우,0,정상
001750,한양증권,0,정상
001755,한양증권우,0,정상
001770,SHD,0,정상
001780,알루코,0,정상
001790,대한제당,0,정상
001795,대한제당우,0,정상
001800,오리온홀딩스,0,정상
001820,삼화콘덴서,0,정상
001880,DL건설,0,정상
001940,KISCO홀딩스,0,정상
002020,코오롱,0,정상
002025,코오롱우,0,정상
002030,아세아,0,정상
002070,비비안,0,정상
002100,경농,0,정상
002140,고려산업,0,정상
002150,도화엔지니어링,0,정상
002170,삼양통상,0,정상
002200,한국수출포장,0,정상
002210,동성제약,0,정상
002220,한일철강,0,정상
002240,고려제강,0,정상
002310,아세아제지,0,정상
002320,한진,0,정상
002350,넥센타이어,0,정상
002355,넥센타이어1우B,0,정상
002360,SH에너지화학,0,정상
002380,KCC,0,정상
002390,한독,0,정상
002410,범양건영,0,정상
002420,세기상사,0,정상
002450,삼익악기,0,정상
002460,화성산업,0,정상
002600,조흥,0,정상
002620,제일파마홀딩스,0,정상
002630,오리엔트바이오,0,정상
002690,동일제강,0,정상
002700,신일전자,0,정상
002710,TCC스틸,0,정상
002720,국제약품,0,정상
002760,보락,0,정상
002780,진흥기업,0,정상
002785,진흥기업우B,0,정상
002787,진흥기업2우B,0,정상
002790,아모레G,0,정상
002795,아모레G우,0,정상
00279K,아모레G3우(전환),0,정상
002810,삼영무역,0,정상
002820,SUN&L,0,정상
002840,미원상사,0,정상
002870,신풍,0,정상
002880,대유에이텍,0,정상
002900,TYM,0,정상
002920,유성기업,0,정상
002960,한국쉘석유,0,정상
002990,금호건설,0,정상
002995,금호건설우,0,정상
003000,부광약품,0,정상
003010,혜인,0,정상
003030,세아제강지주,0,정상
003060,에이프로젠바이오로직스,0,정상
003070,코오롱글로벌,0,정상
003075,코오롱글로벌우,0,정상
003080,성보화학,0,정상
003090,대웅,0,정상
003120,일성신약,0,정상
003160,디아이,0,정상
003200,일신방직,0,정상
003220,대원제약,0,정상
003230,삼양식품,0,정상
003240,태광산업,0,정상
003280,흥아해운,0,정상
003300,한일홀딩스,0,정상
003350,한국화장품제조,0,정상
003410,쌍용C&E,0,정상
003460,유화증권,0,정상
003465,유화증권우,0,정상
003470,유안타증권,0,정상
003475,유안타증권우,0,정상
003480,한진중공업홀딩스,0,정상
003490,대한항공,0,정상
003495,대한항공우,0,정상
003520,영진약품,0,정상
003530,한화투자증권,0,정상
003535,한화투자증권우,0,정상
003540,대신증권,0,정상
003545,대신증권우,0,정상
003547,대신증권2우B,0,정상
003550,LG,0,정상
003555,LG우,0,정상
003560,IHQ,0,정상
003570,SNT다이내믹스,0,정상
003580,HLB글로벌,0,정상
003610,방림,0,정상
003620,쌍용차,0,정상
003650,미창석유,0,정상
003670,포스코케미칼,0,정상
003680,한성기업,0,정상
003690,코리안리,0,정상
003720,삼영화학,0,정상
003780,진양산업,0,정상
003830,대한화섬,0,정상
003850,보령,0,정상
003920,남양유업,0,정상
003925,남양유업우,0,정상
003960,사조대림,0,정상
004000,롯데정밀화학,0,정상
004020,현대제철,0,정상
004060,SG세계물산,0,정상
004080,신흥,0,정상
004090,한국석유,0,정상
004100,태양금속,0,정상
004105,태양금속우,0,정상
004140,동방,0,정상
004150,한솔홀딩스,0,정상
004170,신세계,0,정상
004250,NPC,0,정상
004255,NPC우,0,정상
004270,남성,0,정상
004310,현대약품,0,정상
004360,세방,0,정상
004365,세방우,0,정상
004370,농심,0,정상
004380,삼익THK,0,정상
004410,서울식품,0,정상
004415,서울식품우,0,정상
004430,송원산업,0,정상
004440,삼일씨엔에스,0,정상
004450,삼화왕관,0,정상
004490,세방전지,0,정상
004540,깨끗한나라,0,정상
004545,깨끗한나라우,0,정상
004560,현대비앤지스틸,0,정상
004565,현대비앤지스틸우,0,정상
004690,삼천리,0,정상
004700,조광피혁,0,정상
004710,한솔테크닉스,0,정상
004720,팜젠사이언스,0,정상
004770,써니전자,0,정상
004800,효성,0,정상
004830,덕성,0,정상
004835,덕성우,0,정상
004840,DRB동일,0,정상
004870,티웨이홀딩스,0,정상
004890,동일산업,0,정상
004910,조광페인트,0,정상
004920,씨아이테크,0,정상
004960,한신공영,0,정상
004970,신라교역,0,정상
004980,성신양회,0,정상
004985,성신양회우,0,정상
004990,롯데지주,0,정상
00499K,롯데지주우,0,정상
005010,휴스틸,0,정상
005030,부산주공,0,정상
005070,코스모신소재,0,정상
005090,SGC에너지,0,정상
005110,한창,0,정상
005180,빙그레,0,정상
005250,녹십자홀딩스,0,정상
005257,녹십자홀딩스2우,0,정상
005300,롯데칠성,0,정상
005305,롯데칠성우,0,정상
005320,국동,0,정상
005360,모나미,0,정상
005380,현대차,0,정상
005385,현대차우,0,정상
005387,현대차2우B,0,정상
005389,현대차3우B,0,정상
005390,신성통상,0,정상
005420,코스모화학,0,투자경고
005430,한국공항,0,정상
005440,현대그린푸드,0,정상
005490,POSCO홀딩스,0,정상
005500,삼진제약,0,정상
005610,SPC삼립,0,정상
005680,삼영전자,0,정상
005690,파미셀,0,정상
005720,넥센,0,정상
005725,넥센우,0,정상
005740,크라운해태홀딩스,0,정상
005745,크라운해태홀딩스우,0,정상
005750,대림B&Co,0,정상
005800,신영와코루,0,정상
005810,풍산홀딩스,0,정상
005820,원림,0,정상
005830,DB손해보험,0,정상
005850,에스엘,0,정상
005870,휴니드,0,정상
005880,대한해운,0,정상
005930,삼성전자,0,정상
005935,삼성전자우,0,정상
005940,NH투자증권,0,정상
005945,NH투자증권우,0,정상
005950,이수화학,0,투자경고
005960,동부건설,0,정상
005965,동부건설우,0,정상
006040,동원산업,0,정상
006060,화승인더,0,정상
006090,사조오양,0,정상
006110,삼아알미늄,0,투자주의
006120,SK디스커버리,0,정상
006125,SK디스커버리우,0,정상
006200,한국전자홀딩스,0,정상
006220,제주은행,0,정상
006260,LS,0,정상
006280,녹십자,0,정상
006340,대원전선,0,정상
006345,대원전선우,0,정상
006360,GS건설,0,정상
006370,대구백화점,0,정상
006380,카프로,0,정상
006390,한일현대시멘트,0,정상
006400,삼성SDI,0,정상
006405,삼성SDI우,0,정상
006490,인스코비,0,정상
006570,대림통상,0,정상
006650,대한유화,0,정상
006660,삼성공조,0,정상
006740,영풍제지,0,정상
006800,미래에셋증권,0,정상
006805,미래에셋증권우,0,정상
00680K,미래에셋증권2우B,0,정상
006840,AK홀딩스,0,정상
006880,신송홀딩스,0,정상
006890,태경케미컬,0,정상
006980,우성,0,정상
007070,GS리테일,0,정상
007110,일신석재,0,정상
007120,미래아이앤지,0,정상
007160,사조산업,0,정상
007210,벽산,0,정상
007280,한국특강,0,정상
007310,오뚜기,0,정상
007340,DN오토모티브,0,정상
007460,에이프로젠,0,정상
007540,샘표,0,정상
007570,일양약품,0,정상
007575,일양약품우,0,정상
007590,동방아그로,0,정상
007610,선도전기,0,정상
007660,이수페타시스,0,정상
007690,국도화학,0,정상
007700,F&F홀딩스,0,정상
007810,코리아써키트,0,정상
007815,코리아써우,0,정상
00781K,코리아써키트2우B,0,정상
007860,서연,0,정상
007980,태평양물산,0,정상
008040,사조동아원,0,정상
008060,대덕,0,정상
00806K,대덕1우,0,정상
008110,대동전자,0,정상
008250,이건산업,0,정상
008260,NI스틸,0,정상
008350,남선알미늄,0,정상
008355,남선알미우,0,정상
008420,문배철강,0,정상
008490,서흥,0,정상
008500,일정실업,0,정상
008560,메리츠증권,0,정상
008600,윌비스,0,정상
008700,아남전자,0,정상
008730,율촌화학,0,정상
008770,호텔신라,0,정상
008775,호텔신라우,0,정상
008870,금비,0,정상
008930,한미사이언스,0,정상
008970,동양철관,0,정상
009070,KCTC,0,정상
009140,경인전자,0,정상
009150,삼성전기,0,정상
009155,삼성전기우,0,정상
009160,SIMPAC,0,정상
009180,한솔로지스틱스,0,정상
009190,대양금속,0,정상
009200,무림페이퍼,0,정상
009240,한샘,0,정상
009270,신원,0,정상
009290,광동제약,0,정상
009310,참엔지니어링,0,정상
009320,대우부품,0,정상
009410,태영건설,0,정상
009415,태영건설우,0,정상
009420,한올바이오파마,0,정상
009440,KC그린홀딩스,0,정상
009450,경동나비엔,0,정상
009460,한창제지,0,정상
009470,삼화전기,0,정상
009540,한국조선해양,0,정상
009580,무림P&P,0,정상
009680,모토닉,0,정상
009770,삼정펄프,0,정상
009810,플레이그램,0,정상
009830,한화솔루션,0,정상
009835,한화솔루션우,0,정상
009900,명신산업,0,정상
009970,영원무역홀딩스,0,정상
010040,한국내화,0,정상
010050,우리종금,0,정상
010060,OCI,0,정상
010100,한국프랜지,0,정상
010120,LS ELECTRIC,0,정상
010130,고려아연,0,정상
010140,삼성중공업,0,정상
010145,삼성중공우,0,정상
010400,우진아이엔에스,0,정상
010420,한솔PNS,0,정상
010580,에스엠벡셀,0,정상
010600,웰바이오텍,0,정상
010620,현대미포조선,0,정상
010640,진양폴리,0,정상
010660,화천기계,0,정상
010690,화신,0,정상
010770,평화홀딩스,0,정상
010780,아이에스동서,0,정상
010820,퍼스텍,0,정상
010950,S-Oil,0,정상
010955,S-Oil우,0,정상
010960,삼호개발,0,정상
011000,진원생명과학,0,정상
011070,LG이노텍,0,정상
011090,에넥스,0,정상
011150,CJ씨푸드,0,정상
011155,CJ씨푸드1우,0,정상
011170,롯데케미칼,0,정상
011200,HMM,0,정상
011210,현대위아,0,정상
011230,삼화전자,0,정상
011280,태림포장,0,정상
011300,성안,0,정상
011330,유니켐,0,정상
011390,부산산업,0,정상
011420,갤럭시아에스엠,0,정상
011500,한농화성,0,정상
011690,와이투솔루션,0,정상
011700,한신기계,0,정상
011760,현대코퍼레이션,0,정상
011780,금호석유,0,정상
011785,금호석유우,0,정상
011790,SKC,0,정상
011810,STX,0,정상
011930,신성이엔지,0,정상
012030,DB,0,정상
012160,영흥,0,정상
012170,아센디오,0,정상
012200,계양전기,0,정상
012205,계양전기우,0,정상
012280,영화금속,0,정상
012320,경동인베스트,0,정상
012330,현대모비스,0,정상
012450,한화에어로스페이스,0,정상
012510,더존비즈온,0,정상
012600,청호ICT,0,정상
012610,경인양행,0,정상
012630,HDC,0,정상
012690,모나리자,0,정상
012750,에스원,0,정상
012800,대창,0,정상
013000,세우글로벌,0,정상
013360,일성건설,0,정상
013520,화승코퍼레이션,0,정상
013570,디와이,0,정상
013580,계룡건설,0,정상
013700,까뮤이앤씨,0,정상
013870,지엠비코리아,0,정상
013890,지누스,0,정상
014130,한익스프레스,0,정상
014160,대영포장,0,정상
014280,금강공업,0,정상
014285,금강공업우,0,정상
014440,영보화학,0,정상
014530,극동유화,0,정상
014580,태경비케이,0,정상
014680,한솔케미칼,0,정상
014710,사조씨푸드,0,정상
014790,HL D&I,0,정상
014820,동원시스템즈,0,정상
014825,동원시스템즈우,0,정상
014830,유니드,0,정상
014910,성문전자,0,정상
014915,성문전자우,0,정상
014990,인디에프,0,정상
015020,이스타코,0,정상
015230,대창단조,0,정상
015260,에이엔피,0,정상
015360,예스코홀딩스,0,정상
015540,쎌마테라퓨틱스,0,정상
015590,큐로,0,정상
015760,한국전력,0,정상
015860,일진홀딩스,0,정상
015890,태경산업,0,정상
016090,대현,0,정상
016360,삼성증권,0,정상
016380,KG스틸,0,정상
016450,한세예스24홀딩스,0,정상
016580,환인제약,0,정상
016590,신대양제지,0,정상
016610,DB금융투자,0,정상
016710,대성홀딩스,0,정상
016740,두올,0,정상
016800,퍼시스,0,정상
016880,웅진,0,정상
017040,광명전기,0,정상
017180,명문제약,0,정상
017370,우신시스템,0,정상
017390,서울가스,0,정상
017550,수산중공업,0,정상
017670,SK텔레콤,0,정상
017800,현대엘리베이,0,정상
017810,풀무원,0,정상
017900,광전자,0,정상
017940,E1,0,정상
017960,한국카본,0,정상
018250,애경산업,0,정상
018260,삼성에스디에스,0,정상
018470,조일알미늄,0,정상
018500,동원금속,0,정상
018670,SK가스,0,정상
018880,한온시스템,0,정상
019170,신풍제약,0,정상
019175,신풍제약우,0,정상
019180,티에이치엔,0,정상
019440,세아특수강,0,정상
019490,하이트론,0,정상
019680,대교,0,정상
019685,대교우B,0,정상
020000,한섬,0,정상
020120,키다리스튜디오,0,정상
020150,일진머티리얼즈,0,정상
020560,아시아나항공,0,정상
020760,일진디스플,0,정상
021050,서원,0,정상
021240,코웨이,0,정상
021820,세원정공,0,정상
023000,삼원강재,0,정상
023150,MH에탄올,0,정상
023350,한국종합기술,0,정상
023450,동남합성,0,정상
023530,롯데쇼핑,0,정상
023590,다우기술,0,정상
023800,인지컨트롤스,0,정상
023810,인팩,0,정상
023960,에쓰씨엔지니어링,0,정상
024070,WISCOM,0,정상
024090,디씨엠,0,정상
024110,기업은행,0,정상
024720,한국콜마홀딩스,0,정상
024890,대원화성,0,정상
024900,덕양산업,0,정상
025000,KPX케미칼,0,정상
025530,SJM홀딩스,0,정상
025540,한국단자,0,정상
025560,미래산업,0,정상
025620,제이준코스메틱,0,정상
025750,한솔홈데코,0,정상
025820,이구산업,0,정상
025860,남해화학,0,정상
025890,한국주강,0,정상
026890,스틱인베스트먼트,0,정상
026940,부국철강,0,정상
026960,동서,0,정상
027410,BGF,0,정상
027740,마니커,0,정상
027970,세하,0,정상
028050,삼성엔지니어링,0,정상
028100,동아지질,0,정상
028260,삼성물산,0,정상
02826K,삼성물산우B,0,정상
028670,팬오션,0,정상
029460,케이씨,0,정상
029530,신도리코,0,정상
029780,삼성카드,0,정상
030000,제일기획,0,정상
030200,KT,0,정상
030210,다올투자증권,0,정상
030610,교보증권,0,정상
030720,동원수산,0,정상
030790,비케이탑스,0,정상
031430,신세계인터내셔날,0,정상
031440,신세계푸드,0,정상
031820,콤텍시스템,0,정상
032350,롯데관광개발,0,정상
032560,황금에스티,0,정상
032640,LG유플러스,0,정상
032830,삼성생명,0,정상
033180,KH 필룩스,0,정상
033240,자화전자,0,정상
033250,체시스,0,정상
033270,유나이티드제약,0,정상
033530,세종공업,0,정상
033780,KT&G,0,정상
033920,무학,0,정상
034020,두산에너빌리티,0,정상
034120,SBS,0,정상
034220,LG디스플레이,0,정상
034300,신세계건설,0,정상
034310,NICE,0,정상
034590,인천도시가스,0,정상
034730,SK,0,정상
03473K,SK우,0,정상
034830,한국토지신탁,0,정상
035000,지투알,0,정상
035150,백산,0,정상
035250,강원랜드,0,정상
035420,NAVER,0,정상
035510,신세계 I&C,0,정상
035720,카카오,0,정상
036420,콘텐트리중앙,0,정상
036460,한국가스공사,0,정상
036530,SNT홀딩스,0,정상
036570,엔씨소프트,0,정상
036580,팜스코,0,정상
037270,YG PLUS,0,정상
037560,LG헬로비전,0,정상
037710,광주신세계,0,정상
039130,하나투어,0,정상
039490,키움증권,0,정상
039570,HDC랩스,0,정상
041650,상신브레이크,0,정상
042660,대우조선해양,0,정상
042670,현대두산인프라코어,0,정상
042700,한미반도체,0,정상
044380,주연테크,0,정상
044450,KSS해운,0,정상
044820,코스맥스비티아이,0,정상
047040,대우건설,0,정상
047050,포스코인터내셔널,0,정상
047400,유니온머티리얼,0,정상
047810,한국항공우주,0,정상
049770,동원F&B,0,정상
049800,우진플라임,0,정상
051600,한전KPS,0,정상
051630,진양화학,0,정상
051900,LG생활건강,0,정상
051905,LG생활건강우,0,정상
051910,LG화학,0,정상
051915,LG화학우,0,정상
052690,한전기술,0,정상
053210,스카이라이프,0,정상
053690,한미글로벌,0,정상
055490,테이팩스,0,정상
055550,신한지주,0,정상
057050,현대홈쇼핑,0,정상
058430,포스코스틸리온,0,정상
058650,세아홀딩스,0,정상
058730,다스코,0,정상
058850,KTcs,0,정상
058860,KTis,0,정상
060980,HL홀딩스,0,정상
063160,종근당바이오,0,정상
064350,현대로템,0,정상
064960,SNT모티브,0,정상
066570,LG전자,0,정상
066575,LG전자우,0,정상
067830,세이브존I&C,0,정상
068270,셀트리온,0,정상
068290,삼성출판사,0,정상
068400,SK렌터카,0,정상
069260,TKG휴켐스,0,정상
069460,대호에이엘,0,정상
069500,KODEX 200,0,정상
069620,대웅제약,0,정상
069640,한세엠케이,0,정상
069660,KOSEF 200,0,정상
069730,DSR제강,0,정상
069960,현대백화점,0,정상
070960,용평리조트,0,정상
071050,한국금융지주,0,정상
071055,한국금융지주우,0,정상
071090,하이스틸,0,정상
071320,지역난방공사,0,정상
071840,롯데하이마트,0,정상
071950,코아스,0,정상
071970,STX중공업,0,정상
072130,유엔젤,0,정상
072710,농심홀딩스,0,정상
073240,금호타이어,0,정상
074610,이엔플러스,0,정상
075180,새론오토모티브,0,정상
075580,세진중공업,0,정상
077500,유니퀘스트,0,정상
077970,STX엔진,0,정상
078000,텔코웨어,0,정상
078520,에이블씨엔씨,0,정상
078930,GS,0,정상
078935,GS우,0,정상
079160,CJ CGV,0,정상
079430,현대리바트,0,정상
079550,LIG넥스원,0,정상
079980,휴비스,0,정상
081000,일진다이아,0,정상
081660,휠라홀딩스,0,정상
082640,동양생명,0,정상
082740,HSD엔진,0,정상
083420,그린케미칼,0,정상
084010,대한제강,0,정상
084670,동양고속,0,정상
084680,이월드,0,정상
084690,대상홀딩스,0,정상
084695,대상홀딩스우,0,정상
084870,TBH글로벌,0,정상
085310,엔케이,0,정상
085620,미래에셋생명,0,정상
086280,현대글로비스,0,정상
086790,하나금융지주,0,정상
088260,이리츠코크렙,0,정상
088350,한화생명,0,정상
088790,진도,0,정상
088980,맥쿼리인프라,0,정상
089470,HDC현대EP,0,정상
089590,제주항공,0,정상
089860,롯데렌탈,0,정상
090080,평화산업,0,정상
090350,노루페인트,0,정상
090355,노루페인트우,0,정상
090370,메타랩스,0,정상
090430,아모레퍼시픽,0,정상
090435,아모레퍼시픽우,0,정상
091090,세원이앤씨,0,정상
091160,KODEX 반도체,0,정상
091170,KODEX 은행,0,정상
091180,KODEX 자동차,0,정상
091220,TIGER 은행,0,정상
091230,TIGER 반도체,0,정상
091810,티웨이항공,0,정상
092200,디아이씨,0,정상
092220,KEC,0,정상
092230,KPX홀딩스,0,정상
092440,기신정기,0,정상
092780,동양피스톤,0,정상
093050,LF,0,정상
093230,이아이디,0,정상
093240,형지엘리트,0,정상
093370,후성,0,정상
094280,효성ITX,0,정상
094800,맵스리얼티1,0,정상
095570,AJ네트웍스,0,정상
095720,웅진씽크빅,0,정상
096760,JW홀딩스,0,정상
096770,SK이노베이션,0,정상
096775,SK이노베이션우,0,정상
097230,HJ중공업,0,정상
097520,엠씨넥스,0,정상
097950,CJ제일제당,0,정상
097955,CJ제일제당 우,0,정상
098560,TIGER 방송통신,0,정상
099140,KODEX 차이나H,0,정상
100220,비상교육,0,정상
100250,진양홀딩스,0,정상
100840,SNT에너지,0,정상
100910,KOSEF KRX100,0,정상
101140,인바이오젠,0,정상
101280,KODEX 일본TOPIX100,0,정상
101530,해태제과식품,0,정상
102110,TIGER 200,0,정상
102260,동성케미컬,0,정상
102280,쌍방울,0,정상
102460,이연제약,0,정상
102780,KODEX 삼성그룹,0,정상
102960,KODEX 기계장비,0,정상
102970,KODEX 증권,0,정상
103140,풍산,0,정상
103590,일진전기,0,정상
104520,KOSEF 블루칩,0,정상
104530,KOSEF 고배당,0,정상
104700,한국철강,0,정상
105010,TIGER 라틴35,0,정상
105190,ACE 200,0,정상
105560,KB금융,0,정상
105630,한세실업,0,정상
105780,KBSTAR 5대그룹주,0,정상
105840,우진,0,정상
107590,미원홀딩스,0,정상
108320,LX세미콘,0,정상
108450,ACE 삼성그룹섹터가중,0,정상
108590,TREX 200,0,정상
108670,LX하우시스,0,정상
108675,LX하우시스우,0,정상
109070,컨버즈,0,정상
111110,호전실업,0,정상
111770,영원무역,0,정상
112610,씨에스윈드,0,정상
114090,GKL,0,정상
114100,KBSTAR 국고채3년,0,정상
114260,KODEX 국고채3년,0,정상
114460,ACE 국고채3년,0,정상
114470,KOSEF 국고채3년,0,정상
114800,KODEX 인버스,0,정상
114820,TIGER 국채3년,0,정상
115390,락앤락,0,정상
117460,KODEX 에너지화학,0,정상
117580,대성에너지,0,정상
117680,KODEX 철강,0,정상
117690,TIGER 차이나항셍25,0,정상
117700,KODEX 건설,0,정상
118000,초록뱀헬스케어,0,정상
119650,KC코트렐,0,정상
120030,조선선재,0,정상
120110,코오롱인더,0,정상
120115,코오롱인더우,0,정상
122090,ARIRANG 코스피50,0,정상
122260,KOSEF 통안채1년,0,정상
122630,KODEX 레버리지,0,정상
122900,아이마켓코리아,0,정상
123310,TIGER 인버스,0,정상
123320,TIGER 레버리지,0,정상
123690,한국화장품,0,정상
123700,SJM,0,정상
123890,한국자산신탁,0,정상
126560,현대퓨처넷,0,정상
126720,수산인더스트리,0,정상
128820,대성산업,0,정상
128940,한미약품,0,정상
129260,인터지스,0,정상
130660,한전산업,0,정상
130680,TIGER 원유선물Enhanced(H),0,정상
130730,KOSEF 단기자금,0,정상
131890,ACE 삼성그룹동일가중,0,정상
132030,KODEX 골드선물(H),0,정상
133690,TIGER 미국나스닥100,0,정상
133820,화인베스틸,0,정상
134380,미원화학,0,정상
134790,시디즈,0,정상
136340,KBSTAR 중기우량회사채,0,정상
136490,선진,0,정상
137310,에스디바이오센서,0,정상
137610,TIGER 농산물선물Enhanced(H),0,정상
137930,마이다스 200커버드콜5%OTM,0,정상
138040,메리츠금융지주,0,정상
138230,KOSEF 미국달러선물,0,정상
138490,코오롱플라스틱,0,정상
138520,TIGER 삼성그룹펀더멘털,0,정상
138530,TIGER LG그룹+펀더멘털,0,정상
138540,TIGER 현대차그룹+펀더멘털,0,정상
138910,KODEX 구리선물(H),0,정상
138920,KODEX 콩선물(H),0,정상
138930,BNK금융지주,0,정상
139130,DGB금융지주,0,정상
139220,TIGER 200 건설,0,정상
139230,TIGER 200 중공업,0,정상
139240,TIGER 200 철강소재,0,정상
139250,TIGER 200 에너지화학,0,정상
139260,TIGER 200 IT,0,정상
139270,TIGER 200 금융,0,정상
139280,TIGER 경기방어,0,정상
139290,TIGER 200 경기소비재,0,정상
139310,TIGER 금속선물(H),0,정상
139320,TIGER 금은선물(H),0,정상
139480,이마트,0,정상
139660,KOSEF 미국달러선물인버스,0,정상
139990,아주스틸,0,정상
140570,KBSTAR 수출주,0,정상
140580,KBSTAR 우량업종,0,정상
140700,KODEX 보험,0,정상
140710,KODEX 운송,0,정상
140910,에이리츠,0,정상
140950,파워 코스피100,0,정상
143210,핸즈코퍼레이션,0,정상
143460,ACE 밸류대형,0,정상
143850,TIGER 미국S&P500선물(H),0,정상
143860,TIGER 헬스케어,0,정상
144600,KODEX 은선물(H),0,정상
145210,다이나믹디자인,0,정상
145270,케이탑리츠,0,정상
145670,ACE 인버스,0,정상
145720,덴티움,0,정상
145850,TREX 펀더멘탈 200,0,정상
145990,삼양사,0,정상
145995,삼양사우,0,정상
147970,TIGER 모멘텀,0,정상
148020,KBSTAR 200,0,정상
148070,KOSEF 국고채10년,0,정상
150460,TIGER 중국소비테마,0,정상
152100,ARIRANG 200,0,정상
152380,KODEX 국채선물10년,0,정상
152500,ACE 레버리지,0,정상
152550,한국ANKOR유전,0,정상
152870,파워 200,0,정상
153130,KODEX 단기채권,0,정상
153270,KOSEF 코스피100,0,정상
155660,DSR,0,정상
155900,바다로19호,0,정상
156080,KODEX MSCI Korea,0,정상
157450,TIGER 단기통안채,0,정상
157490,TIGER 소프트웨어,0,정상
157500,TIGER 증권,0,정상
159800,마이티 코스피100,0,정상
160580,TIGER 구리실물,0,정상
161000,애경케미칼,0,정상
161390,한국타이어앤테크놀로지,0,정상
161510,ARIRANG 고배당주,0,정상
161890,한국콜마,0,정상
163560,동일고무벨트,0,정상
166400,TIGER 200커버드콜5%OTM,0,정상
167860,KOSEF 국고채10년레버리지,0,정상
168300,KTOP 코스피50,0,정상
168490,한국패러랠,0,정상
168580,ACE 중국본토CSI300,0,정상
169950,KODEX 차이나A50,0,정상
170900,동아에스티,0,정상
174350,TIGER 로우볼,0,정상
174360,KBSTAR 중국본토대형주CSI100,0,정상
175330,JB금융지주,0,정상
176950,KODEX 국채선물10년인버스,0,정상
178920,PI첨단소재,0,정상
180640,한진칼,0,정상
18064K,한진칼우,0,정상
181480,ACE 미국다우존스리츠(합성 H),0,정상
181710,NHN,0,정상
182480,TIGER 미국MSCI리츠(합성 H),0,정상
182490,TIGER 단기선진하이일드(합성 H),0,정상
183190,아세아시멘트,0,정상
183700,KBSTAR 채권혼합,0,정상
183710,KBSTAR 주식혼합,0,정상
185680,KODEX 미국S&P바이오(합성),0,정상
185750,종근당,0,정상
189400,ARIRANG 글로벌MSCI(합성 H),0,정상
190620,ACE 단기통안채,0,정상
192080,더블유게임즈,0,정상
192090,TIGER 차이나CSI300,0,정상
192400,쿠쿠홀딩스,0,정상
192650,드림텍,0,정상
192720,파워 고배당저변동성,0,정상
192820,코스맥스,0,정상
194370,제이에스코퍼레이션,0,정상
195870,해성디에스,0,정상
195920,TIGER 일본TOPIX(합성 H),0,정상
195930,TIGER 유로스탁스50(합성 H),0,정상
195970,ARIRANG 선진국MSCI(합성 H),0,정상
195980,ARIRANG 신흥국MSCI(합성 H),0,정상
196030,ACE 일본TOPIX레버리지(H),0,정상
196230,KBSTAR 단기통안채,0,정상
200030,KODEX 미국S&P500산업재(합성),0,정상
200250,KOSEF 인도Nifty50(합성),0,정상
200880,서연이화,0,정상
203780,TIGER 미국나스닥바이오,0,정상
204210,모두투어리츠,0,정상
204320,HL만도,0,정상
204450,KODEX 차이나H레버리지(H),0,정상
204480,TIGER 차이나CSI300레버리지(합성),0,정상
205720,ACE 일본TOPIX인버스(합성 H),0,정상
207940,삼성바이오로직스,0,정상
210540,디와이파워,0,정상
210780,TIGER 코스피고배당,0,정상
210980,SK디앤디,0,정상
211560,TIGER 배당성장,0,정상
211900,KODEX 배당성장,0,정상
213500,한솔제지,0,정상
213610,KODEX 삼성그룹밸류,0,정상
213630,ARIRANG 미국다우존스고배당주(합성 H),0,정상
214320,이노션,0,정상
214330,금호에이치티,0,정상
214390,경보제약,0,정상
214420,토니모리,0,정상
214980,KODEX 단기채권PLUS,0,정상
215620,HK S&P코리아로우볼,0,정상
217770,TIGER 원유선물인버스(H),0,정상
217780,TIGER 차이나CSI300인버스(합성),0,정상
218420,KODEX 미국S&P500에너지(합성),0,정상
219390,KBSTAR 미국S&P원유생산기업(합성 H),0,정상
219480,KODEX 미국S&P500선물(H),0,정상
219900,ACE 중국본토CSI300레버리지(합성),0,정상
220130,SOL 차이나강소기업CSI500(합성 H),0,정상
223190,KODEX 200가치저변동,0,정상
225030,TIGER 미국S&P500선물인버스(H),0,정상
225040,TIGER 미국S&P500레버리지(합성 H),0,정상
225050,TIGER 유로스탁스레버리지(합성 H),0,정상
225060,TIGER 이머징마켓MSCI레버리지(합성 H),0,정상
225130,ACE 골드선물 레버리지(합성 H),0,정상
225800,KOSEF 미국달러선물레버리지,0,정상
226320,잇츠한불,0,정상
226380,ACE Fn성장소비주도주,0,정상
226490,KODEX 코스피,0,정상
226980,KODEX 200 중소형,0,정상
227540,TIGER 200 헬스케어,0,정상
227550,TIGER 200 산업재,0,정상
227560,TIGER 200 생활소비재,0,정상
227570,TIGER 우량가치,0,정상
227830,ARIRANG 코스피,0,정상
227840,현대코퍼레이션홀딩스,0,정상
228790,TIGER 화장품,0,정상
228800,TIGER 여행레저,0,정상
228810,TIGER 미디어컨텐츠,0,정상
228820,TIGER KTOP30,0,정상
229200,KODEX 코스닥150,0,정상
229640,LS전선아시아,0,정상
229720,KODEX KTOP30,0,정상
230480,KOSEF 미국달러선물인버스2X,0,정상
232080,TIGER 코스닥150,0,정상
233160,TIGER 코스닥150 레버리지,0,정상
233740,KODEX 코스닥150레버리지,0,정상
234080,JW생명과학,0,정상
234310,KBSTAR V&S셀렉트밸류,0,정상
236350,TIGER 인도니프티50레버리지(합성),0,정상
237350,KODEX 코스피100,0,정상
237370,KODEX 배당성장채권혼합,0,정상
237440,TIGER 경기방어채권혼합,0,정상
238670,ARIRANG 스마트베타Quality채권혼합,0,정상
238720,ACE 일본Nikkei225(H),0,정상
239660,ARIRANG 우량회사채50 1년,0,정상
241180,TIGER 일본니케이225,0,정상
241390,KBSTAR V&S셀렉트밸류채권혼합,0,정상
241560,두산밥캣,0,정상
241590,화승엔터프라이즈,0,정상
243880,TIGER 200IT레버리지,0,정상
243890,TIGER 200에너지화학레버리지,0,정상
244580,KODEX 바이오,0,정상
244620,KODEX 모멘텀Plus,0,정상
244660,KODEX 퀄리티Plus,0,정상
244670,KODEX 밸류Plus,0,정상
244920,에이플러스에셋,0,정상
245340,TIGER 미국다우존스30,0,정상
245350,TIGER 유로스탁스배당30,0,정상
245360,TIGER 차이나HSCEI,0,정상
245710,ACE 베트남VN30(합성),0,정상
248070,솔루엠,0,정상
248170,샘표식품,0,정상
248270,TIGER S&P글로벌헬스케어(합성),0,정상
249420,일동제약,0,정상
250730,KBSTAR 차이나HSCEI(H),0,정상
250780,TIGER 코스닥150선물인버스,0,정상
251270,넷마블,0,정상
251340,KODEX 코스닥150선물인버스,0,정상
251350,KODEX 선진국MSCI World,0,정상
251590,ARIRANG 고배당저변동50,0,정상
251600,ARIRANG 고배당주채권혼합,0,정상
251890,ACE 코스닥(합성),0,정상
252000,TIGER 200동일가중,0,정상
252400,KBSTAR 200선물레버리지,0,정상
252410,KBSTAR 200선물인버스,0,정상
252420,KBSTAR 200선물인버스2X,0,정상
252650,KODEX 200동일가중,0,정상
252670,KODEX 200선물인버스2X,0,정상
252710,TIGER 200선물인버스2X,0,정상
252720,KBSTAR 모멘텀밸류,0,정상
252730,KBSTAR 모멘텀로우볼,0,정상
253150,ARIRANG 200선물레버리지,0,정상
253160,ARIRANG 200선물인버스2X,0,정상
253230,KOSEF 200선물인버스2X,0,정상
253240,KOSEF 200선물인버스,0,정상
253250,KOSEF 200선물레버리지,0,정상
253280,KBSTAR 헬스케어,0,정상
253290,KBSTAR 헬스케어채권혼합,0,정상
256440,ACE 인도네시아MSCI(합성),0,정상
256450,ARIRANG 심천차이넥스트(합성),0,정상
256750,KODEX 차이나심천ChiNext(합성),0,정상
259960,크래프톤,0,정상
261060,TIGER 코스닥150IT,0,정상
261070,TIGER 코스닥150바이오테크,0,정상
261110,TIGER 미국달러선물레버리지,0,정상
261120,TIGER 미국달러선물인버스2X,0,정상
261140,TIGER 우선주,0,정상
261220,KODEX WTI원유선물(H),0,정상
261240,KODEX 미국달러선물,0,정상
261250,KODEX 미국달러선물레버리지,0,정상
261260,KODEX 미국달러선물인버스2X,0,정상
261270,KODEX 미국달러선물인버스,0,정상
261920,ACE 필리핀MSCI(합성),0,정상
264900,크라운제과,0,정상
26490K,크라운제과우,0,정상
265690,ACE 러시아MSCI(합성),0,정상
266160,KBSTAR 고배당,0,정상
266360,KODEX 미디어&엔터테인먼트,0,정상
266370,KODEX IT,0,정상
266390,KODEX 경기소비재,0,정상
266410,KODEX 필수소비재,0,정상
266420,KODEX 헬스케어,0,정상
266550,ARIRANG 중형주저변동50,0,정상
267250,HD현대,0,정상
267260,현대일렉트릭,0,정상
267270,현대건설기계,0,정상
267290,경동도시가스,0,정상
267440,KBSTAR 미국장기국채선물(H),0,정상
267450,KBSTAR 미국장기국채선물인버스(H),0,정상
267490,KBSTAR 미국장기국채선물레버리지(합성 H),0,정상
267500,KBSTAR 미국장기국채선물인버스2X(합성 H),0,정상
267770,TIGER 200선물레버리지,0,정상
267850,아시아나IDT,0,정상
268280,미원에스씨,0,정상
269370,TIGER S&P글로벌인프라(합성),0,정상
269420,KODEX S&P글로벌인프라(합성),0,정상
269530,ARIRANG S&P글로벌인프라,0,정상
269540,ARIRANG 미국S&P500(H),0,정상
270800,KBSTAR KQ고배당,0,정상
270810,KBSTAR 코스닥150,0,정상
271050,KODEX WTI원유선물인버스(H),0,정상
271060,KODEX 3대농산물선물(H),0,정상
271560,오리온,0,정상
271940,일진하이솔루스,0,정상
271980,제일약품,0,정상
272210,한화시스템,0,정상
272220,ACE 스마트모멘텀,0,정상
272230,ACE 스마트밸류,0,정상
272450,진에어,0,정상
272550,삼양패키징,0,정상
272560,KBSTAR 단기국공채액티브,0,정상
272570,KBSTAR 중장기국공채액티브,0,정상
272580,TIGER 단기채권액티브,0,정상
272910,ACE 중장기국공채액티브,0,정상
273130,KODEX 종합채권(AA-이상)액티브,0,정상
273140,KODEX 단기변동금리부채권액티브,0,정상
275280,KODEX MSCI모멘텀,0,정상
275290,KODEX MSCI밸류,0,정상
275300,KODEX MSCI퀄리티,0,정상
275750,KBSTAR 코스닥150선물인버스,0,정상
275980,TIGER 글로벌4차산업혁신기술(합성 H),0,정상
276000,TIGER 글로벌자원생산기업(합성 H),0,정상
276650,KBSTAR 글로벌4차산업IT(합성 H),0,정상
276970,KODEX 미국S&P500배당귀족커버드콜(합성 H),0,정상
276990,KODEX 글로벌로봇(합성),0,정상
277540,ACE 아시아TOP50S&P,0,정상
277630,TIGER 코스피,0,정상
277640,TIGER 코스피대형주,0,정상
277650,TIGER 코스피중형주,0,정상
278240,KBSTAR 코스닥150선물레버리지,0,정상
278420,ARIRANG ESG우수기업,0,정상
278530,KODEX 200TR,0,정상
278540,KODEX MSCI Korea TR,0,정상
278620,ARIRANG 단기채권액티브,0,정상
279530,KODEX 고배당,0,정상
279540,KODEX 최소변동성,0,정상
280320,ACE 미국IT인터넷S&P(합성 H),0,정상
280360,롯데제과,0,정상
280920,ARIRANG 주도업종,0,정상
280930,KODEX 미국러셀2000(H),0,정상
280940,KODEX 골드선물인버스(H),0,정상
281820,케이씨텍,0,정상
281990,KBSTAR 중소형고배당,0,정상
282000,KBSTAR 국고채3년선물인버스,0,정상
282330,BGF리테일,0,정상
282690,동아타이어,0,정상
283580,KODEX 차이나CSI300,0,정상
284430,KODEX 200미국채혼합,0,정상
284740,쿠쿠홈시스,0,정상
284980,KBSTAR 200금융,0,정상
284990,KBSTAR 200에너지화학,0,정상
285000,KBSTAR 200IT,0,정상
285010,KBSTAR 200중공업,0,정상
285020,KBSTAR 200철강소재,0,정상
285130,SK케미칼,0,정상
28513K,SK케미칼우,0,정상
285690,FOCUS ESG리더스,0,정상
286940,롯데정보통신,0,정상
287180,ARIRANG 미국나스닥테크,0,정상
287300,KBSTAR 200건설,0,정상
287310,KBSTAR 200경기소비재,0,정상
287320,KBSTAR 200산업재,0,정상
287330,KBSTAR 200생활소비재,0,정상
289040,KODEX MSCI KOREA ESG유니버설,0,정상
289250,TIGER MSCI KOREA ESG유니버설,0,정상
289260,TIGER MSCI KOREA ESG리더스,0,정상
289480,TIGER 200커버드콜ATM,0,정상
289670,ARIRANG 국채선물10년,0,정상
290080,KBSTAR 200고배당커버드콜ATM,0,정상
290130,KBSTAR ESG사회책임투자,0,정상
291130,ACE 멕시코MSCI(합성),0,정상
291620,KOSEF 코스닥150선물인버스,0,정상
291630,KOSEF 코스닥150선물레버리지,0,정상
291680,KBSTAR 차이나H선물인버스(H),0,정상
291890,KODEX MSCI EM선물(H),0,정상
292050,KBSTAR KRX300,0,정상
292150,TIGER TOP10,0,정상
292160,TIGER KRX300,0,정상
292190,KODEX KRX300,0,정상
292340,마이티 200커버드콜ATM레버리지,0,정상
292500,SOL KRX300,0,정상
292560,TIGER 일본엔선물,0,정상
292730,FOCUS KRX300,0,정상
292750,ARIRANG KRX300,0,정상
292770,KODEX 국채선물3년인버스,0,정상
293180,HANARO 200,0,정상
293480,하나제약,0,정상
293940,신한알파리츠,0,정상
294400,KOSEF 200TR,0,정상
294870,HDC현대산업개발,0,정상
295000,KBSTAR 국채선물10년,0,정상
295020,KBSTAR 국채선물10년인버스,0,정상
295040,SOL 200TR,0,정상
295820,ARIRANG 200동일가중,0,정상
298000,효성화학,0,정상
298020,효성티앤씨,0,정상
298040,효성중공업,0,정상
298050,효성첨단소재,0,정상
298340,ARIRANG 국채선물3년,0,정상
298690,에어부산,0,정상
298770,KODEX 한국대만IT프리미어,0,정상
299070,ACE 국채선물10년인버스,0,정상
299080,ACE 국채선물3년인버스,0,정상
300610,TIGER K게임,0,정상
300640,KBSTAR 게임테마,0,정상
300720,한일시멘트,0,정상
300950,KODEX 게임산업,0,정상
301400,ARIRANG 코스닥150,0,정상
301410,ARIRANG 코스닥150선물인버스,0,정상
301440,ARIRANG 코스피중형주,0,정상
302190,TIGER 중장기국채,0,정상
302440,SK바이오사이언스,0,정상
302450,KBSTAR 코스피,0,정상
304660,KODEX 미국채울트라30년선물(H),0,정상
304670,KODEX 미국채울트라30년선물인버스(H),0,정상
304760,HANARO KRX300,0,정상
304770,HANARO 코스닥150,0,정상
304780,HANARO 200선물레버리지,0,정상
304940,KODEX 미국나스닥100선물(H),0,정상
305050,ACE 코스피,0,정상
305080,TIGER 미국채10년선물,0,정상
305540,TIGER 2차전지테마,0,정상
305720,KODEX 2차전지산업,0,정상
306200,세아제강,0,정상
306520,HANARO 200선물인버스,0,정상
306530,HANARO 코스닥150선물레버리지,0,정상
306950,KODEX KRX300레버리지,0,정상
307010,KBSTAR KRX300레버리지,0,정상
307510,TIGER 의료기기,0,정상
307520,TIGER 지주회사,0,정상
307950,현대오토에버,0,정상
308170,센트랄모텍,0,정상
308620,KODEX 미국채10년선물,0,정상
309210,ARIRANG KRX300헬스케어,0,정상
309230,ACE 미국WideMoat가치주,0,정상
310080,KBSTAR 중국MSCI China(H),0,정상
310960,TIGER 200TR,0,정상
310970,TIGER MSCI Korea TR,0,정상
314250,KODEX 미국FANG플러스(H),0,정상
314700,HANARO 농업융복합산업,0,정상
315270,TIGER 200커뮤니케이션서비스,0,정상
315480,KBSTAR 200커뮤니케이션서비스,0,정상
315930,KODEX Top5PlusTR,0,정상
315960,KBSTAR 대형고배당10TR,0,정상
316140,우리금융지주,0,정상
316300,ACE 싱가포르리츠,0,정상
316670,KOSEF 코스닥150,0,정상
317400,자이에스앤디,0,정상
319640,TIGER 골드선물(H),0,정상
319870,KBSTAR KRX300미국달러선물혼합,0,정상
321410,KODEX 멀티에셋하이인컴(H),0,정상
322000,현대에너지솔루션,0,정상
322120,ACE 스마트퀄리티,0,정상
322130,ACE 스마트로우볼,0,정상
322150,ACE 스마트하이베타,0,정상
322400,HANARO e커머스,0,정상
322410,HANARO 고배당,0,정상
323410,카카오뱅크,0,정상
325010,KODEX Fn성장,0,정상
325020,KODEX 배당가치,0,정상
326030,SK바이오팜,0,정상
326230,KBSTAR 내수주플러스,0,정상
326240,KBSTAR IT플러스,0,정상
328370,ARIRANG 코스피TR,0,정상
329180,현대중공업,0,정상
329200,TIGER 리츠부동산인프라,0,정상
329650,KODEX TRF3070,0,정상
329660,KODEX TRF5050,0,정상
329670,KODEX TRF7030,0,정상
329750,TIGER 미국달러단기채권액티브,0,정상
330590,롯데리츠,0,정상
331910,KOSEF Fn중소형,0,정상
332500,ACE 200TR,0,정상
332610,ARIRANG 미국단기우량회사채,0,정상
332620,ARIRANG 미국장기우량회사채,0,정상
332930,HANARO 200TR,0,정상
332940,HANARO MSCI Korea TR,0,정상
333940,ARIRANG KS로우볼가중TR,0,정상
333950,ARIRANG KS로우사이즈가중TR,0,정상
333960,ARIRANG KS모멘텀가중TR,0,정상
333970,ARIRANG KS밸류가중TR,0,정상
333980,ARIRANG KS퀄리티가중TR,0,정상
334690,KBSTAR 팔라듐선물(H),0,정상
334700,KBSTAR 팔라듐선물인버스(H),0,정상
334890,이지스밸류리츠,0,정상
336160,KBSTAR 금융채액티브,0,정상
336260,두산퓨얼셀,0,정상
33626K,두산퓨얼셀1우,0,정상
33626L,두산퓨얼셀2우B,0,정상
336370,솔루스첨단소재,0,정상
33637K,솔루스첨단소재1우,0,정상
33637L,솔루스첨단소재2우B,0,정상
337120,KODEX Fn멀티팩터,0,정상
337140,KODEX 코스피대형주,0,정상
337150,KODEX 200exTOP,0,정상
337160,KODEX 200ESG,0,정상
338100,NH프라임리츠,0,정상
339770,교촌에프앤비,0,정상
341850,TIGER 리츠부동산인프라채권TR KIS,0,정상
342140,ACE 싱가포르리츠채권혼합모닝스타,0,정상
344820,KCC글라스,0,정상
346000,HANARO KAP초장기국고채,0,정상
348950,제이알글로벌리츠,0,정상
350520,이지스레지던스리츠,0,정상
352540,KODEX TSE일본리츠(H),0,정상
352560,KODEX 다우존스미국리츠(H),0,정상
352820,하이브,0,정상
353200,대덕전자,0,정상
35320K,대덕전자1우,0,정상
354240,KBSTAR 미국고정배당우선증권ICE TR,0,정상
354350,HANARO 글로벌럭셔리S&P(합성),0,정상
354500,ACE 코스닥150,0,정상
356540,ACE 종합채권(AA-이상)KIS액티브,0,정상
357120,코람코에너지리츠,0,정상
357250,미래에셋맵스리츠,0,정상
357430,마스턴프리미어리츠,0,정상
357870,TIGER CD금리투자KIS(합성),0,정상
359210,KODEX 코스피TR,0,정상
360140,KODEX 200롱코스닥150숏선물,0,정상
360150,KODEX 코스닥150롱코스피200숏선물,0,정상
360200,ACE 미국S&P500,0,정상
360750,TIGER 미국S&P500,0,정상
361580,KBSTAR 200TR,0,정상
361610,SK아이이테크놀로지,0,정상
363280,티와이홀딩스,0,정상
36328K,티와이홀딩스우,0,정상
363510,SOL KIS단기통안채,0,정상
363570,KODEX 장기종합채권(AA-이상)액티브KAP,0,정상
363580,KODEX 200IT TR,0,정상
364690,KODEX 혁신기술테마액티브,0,정상
364960,TIGER KRX BBIG K-뉴딜,0,정상
364970,TIGER KRX바이오K-뉴딜,0,정상
364980,TIGER KRX2차전지K-뉴딜,0,정상
364990,TIGER KRX게임K-뉴딜,0,정상
365000,TIGER KRX인터넷K-뉴딜,0,정상
365040,TIGER AI코리아그로스액티브,0,정상
365550,ESR켄달스퀘어리츠,0,정상
365780,ACE 국고채10년,0,정상
367380,ACE 미국나스닥100,0,정상
367740,HANARO Fn5G산업,0,정상
367760,KBSTAR Fn5G테크,0,정상
367770,KBSTAR Fn수소경제테마,0,정상
368190,HANARO Fn K-뉴딜디지털플러스,0,정상
368200,KBSTAR Fn K-뉴딜디지털플러스,0,정상
368590,KBSTAR 미국나스닥100,0,정상
368680,KODEX Fn K-뉴딜디지털플러스,0,정상
371130,ACE 베트남VN30선물블룸버그레버리지(H),0,정상
371150,KBSTAR 차이나항셍테크,0,정상
371160,TIGER 차이나항셍테크,0,정상
371450,TIGER 글로벌클라우드컴퓨팅INDXX,0,정상
371460,TIGER 차이나전기차SOLACTIVE,0,정상
371470,TIGER 차이나바이오테크SOLACTIVE,0,정상
371870,ACE 차이나항셍테크,0,정상
372330,KODEX 차이나항셍테크,0,정상
372910,한컴라이프케어,0,정상
373220,LG에너지솔루션,0,정상
373490,KODEX K-이노베이션액티브,0,정상
373530,ARIRANG 신흥국MSCI인버스(합성 H),0,정상
373790,KOSEF 미국방어배당성장나스닥,0,정상
375270,KBSTAR 글로벌데이터센터리츠나스닥(합성),0,정상
375500,DL이앤씨,0,정상
37550K,DL이앤씨우,0,정상
37550L,DL이앤씨2우(전환),0,정상
375760,HANARO 탄소효율그린뉴딜,0,정상
375770,KODEX 탄소효율그린뉴딜,0,정상
376250,ARIRANG 탄소효율그린뉴딜,0,정상
376410,TIGER 탄소효율그린뉴딜,0,정상
377190,디앤디플랫폼리츠,0,정상
377300,카카오페이,0,정상
377740,바이오노트,0,정상
377990,TIGER Fn신재생에너지,0,정상
378850,화승알앤에이,0,정상
379780,KBSTAR 미국S&P500,0,정상
379790,KBSTAR 유로스탁스50(H),0,정상
379800,KODEX 미국S&P500TR,0,정상
379810,KODEX 미국나스닥100TR,0,정상
380340,ACE Fn5G플러스,0,정상
380440,엔에이치스팩19호,0,정상
381170,TIGER 미국테크TOP10 INDXX,0,정상
381180,TIGER 미국필라델피아반도체나스닥,0,정상
381560,HANARO Fn전기&수소차,0,정상
381570,HANARO Fn친환경에너지,0,정상
381970,케이카,0,정상
383220,F&F,0,정상
383800,LX홀딩스,0,정상
38380K,LX홀딩스1우,0,정상
385510,KODEX K-신재생에너지액티브,0,정상
385520,KODEX K-미래차액티브,0,정상
385540,KBSTAR KIS종합채권(A-이상)액티브,0,정상
385550,KBSTAR KIS단기종합채권(AA-이상)액티브,0,정상
385560,KBSTAR KIS국고채30년Enhanced,0,정상
385590,ACE ESG액티브,0,정상
385600,ACE 친환경자동차밸류체인액티브,0,정상
385710,TIMEFOLIO 이노베이션액티브,0,정상
385720,TIMEFOLIO Kstock액티브,0,정상
387270,TIGER 글로벌BBIG액티브,0,정상
387280,TIGER 퓨처모빌리티액티브,0,정상
388280,KBSTAR Fn컨택트대표,0,정상
388420,KBSTAR 비메모리반도체액티브,0,정상
390390,KODEX 미국반도체MV,0,정상
390400,KODEX 미국스마트모빌리티S&P,0,정상
390950,HANARO 단기채권액티브,0,정상
391590,ACE 미국스팩&IPO INDXX,0,정상
391600,ACE 미국친환경그린테마INDXX,0,정상
391670,HK 베스트일레븐액티브,0,정상
391680,HK 하이볼액티브,0,정상
394340,KOSEF 릭소글로벌디지털경제MSCI,0,정상
394350,KOSEF 릭소글로벌퓨처모빌리티MSCI,0,정상
394660,TIGER 글로벌자율주행&전기차SOLACTIVE,0,정상
394670,TIGER 글로벌리튬&2차전지SOLACTIVE(합성),0,정상
395150,KODEX Fn웹툰&드라마,0,정상
395160,KODEX Fn시스템반도체,0,정상
395170,KODEX Fn Top10동일가중,0,정상
395270,HANARO Fn K-반도체,0,정상
395280,HANARO Fn K-게임,0,정상
395290,HANARO Fn K-POP&미디어,0,정상
395400,SK리츠,0,정상
395750,ARIRANG ESG가치주액티브,0,정상
395760,ARIRANG ESG성장주액티브,0,정상
396500,TIGER Fn반도체TOP10,0,정상
396510,TIGER 차이나클린에너지SOLACTIVE,0,정상
396520,TIGER 차이나반도체FACTSET,0,정상
396690,미래에셋글로벌리츠,0,정상
397410,KBSTAR 국채선물5년추종인버스,0,정상
397420,KBSTAR 국채선물5년추종,0,정상
399110,SOL 미국S&P500ESG,0,정상
399580,KBSTAR 글로벌클린에너지S&P,0,정상
400570,KODEX 유럽탄소배출권선물ICE(H),0,정상
400580,SOL 유럽탄소배출권선물S&P(H),0,정상
400590,SOL 글로벌탄소배출권선물IHS(합성),0,정상
400760,NH올원리츠,0,정상
400970,TIGER Fn메타버스,0,정상
401170,KBSTAR iSelect메타버스,0,정상
401470,KODEX K-메타버스액티브,0,정상
401590,HANARO 글로벌탄소배출권선물ICE(합성),0,정상
402340,SK스퀘어,0,정상
402460,HANARO Fn K-메타버스MZ,0,정상
402520,FOCUS 혁신기업액티브,0,정상
402970,ACE 미국고배당S&P,0,정상
403550,쏘카,0,정상
403790,마이다스 KoreaStock액티브,0,정상
403990,KBSTAR KRX기후변화솔루션,0,정상
404120,TIMEFOLIO 탄소중립액티브,0,정상
404260,KODEX KRX기후변화솔루션,0,정상
404470,HANARO KRX기후변화솔루션,0,정상
404540,TIGER KRX기후변화솔루션,0,정상
404650,SOL KRX기후변화솔루션,0,정상
404990,신한서부티엔디리츠,0,정상
407160,MASTER 테크미디어텔레콤액티브,0,정상
407170,MASTER 스마트커머스액티브,0,정상
407300,HANARO Fn골프테마,0,정상
407310,HANARO 200 TOP10,0,정상
407820,에셋플러스 코리아플랫폼액티브,0,정상
407830,에셋플러스 글로벌플랫폼액티브,0,정상
409810,KODEX 미국나스닥100선물인버스(H),0,정상
409820,KODEX 미국나스닥100레버리지(합성 H),0,정상
410870,TIMEFOLIO K컬처액티브,0,정상
411050,ACE 글로벌메타버스테크액티브,0,정상
411060,ACE KRX금현물,0,정상
411420,KODEX 미국메타버스나스닥액티브,0,정상
411540,SOL 200 Top10,0,정상
411720,KBSTAR 글로벌메타버스Moorgate,0,정상
411860,KOSEF 독일DAX,0,정상
412560,TIGER KRX BBIG K-뉴딜레버리지,0,정상
412570,TIGER KRX2차전지K-뉴딜레버리지,0,정상
412770,TIGER 글로벌메타버스액티브,0,정상
413220,SOL 차이나태양광CSI(합성),0,정상
413930,WOORI AI ESG액티브,0,정상
414270,ACE G2전기차&자율주행액티브,0,정상
414780,TIGER 차이나과창판STAR50(합성),0,정상
415340,KODEX 차이나과창판STAR50(합성),0,정상
415760,SOL 차이나육성산업액티브(합성),0,정상
415920,ARIRANG 글로벌희토류전략자원기업MV,0,정상
416090,ACE 중국과창판STAR50,0,정상
417310,코람코더원리츠,0,정상
417450,KBSTAR 글로벌수소경제Indxx,0,정상
417630,TIGER KEDI혁신기업ESG30,0,정상
418660,TIGER 미국나스닥100레버리지(합성),0,정상
418670,TIGER 글로벌사이버보안INDXX,0,정상
419170,HANARO 미국메타버스iSelect,0,정상
419420,KODEX 미국클린에너지나스닥,0,정상
419430,KODEX 차이나2차전지MSCI(합성),0,정상
419650,ARIRANG 글로벌수소&차세대연료전지MV,0,정상
419890,히어로즈 단기채권ESG액티브,0,정상
421320,ARIRANG 우주항공&UAM iSelect,0,정상
422260,VITA MZ소비액티브,0,정상
422420,KBSTAR 2차전지액티브,0,정상
423160,KODEX KOFR금리액티브(합성),0,정상
423170,SOL 한국형글로벌반도체액티브,0,정상
423920,TIGER 미국필라델피아반도체레버리지(합성),0,정상
424460,HANARO 글로벌워터MSCI(합성),0,정상
426020,TIMEFOLIO 미국S&P500액티브,0,정상
426030,TIMEFOLIO 미국나스닥100액티브,0,정상
426150,WOORI 대한민국국고채액티브,0,정상
426330,KOSEF 미국ETF산업STOXX,0,정상
426410,ARIRANG 미국대체투자Top10MV,0,정상
427110,KBSTAR Fn창업투자회사,0,정상
427120,KBSTAR Fn플랫폼테마,0,정상
428510,KODEX 차이나메타버스액티브,0,정상
428560,KODEX 미국ETF산업Top10 Indxx,0,정상
429000,TIGER 미국S&P500배당귀족,0,정상
429010,TIGER 미국나스닥넥스트100,0,정상
429740,ARIRANG K리츠Fn,0,정상
429760,ARIRANG 미국S&P500,0,정상
429870,히어로즈 리츠이지스액티브,0,정상
429980,SOL 한국형글로벌전기차&2차전지액티브,0,정상
429990,SOL 한국형글로벌플랫폼&메타버스액티브,0,정상
430500,KOSEF 물가채KIS,0,정상
432320,KB스타리츠,0,정상
432600,KBSTAR 국채선물3년,0,정상
432840,HANARO 미국S&P500,0,정상
432850,HANARO 글로벌백신치료제MSCI,0,정상
433220,에셋플러스 글로벌대장장이액티브,0,정상
433250,UNICORN R&D 액티브,0,정상
433330,SOL 미국S&P500,0,정상
433500,ACE 원자력테마딥서치,0,정상
433850,ARIRANG TDF2030액티브,0,정상
433860,ARIRANG TDF2040액티브,0,정상
433870,ARIRANG TDF2050액티브,0,정상
433880,ARIRANG TDF2060액티브,0,정상
433970,KODEX TDF2030액티브,0,정상
433980,KODEX TDF2040액티브,0,정상
434060,KODEX TDF2050액티브,0,정상
434730,HANARO 원자력iSelect,0,정상
434960,대신343 K200,0,정상
435040,ACE 글로벌브랜드TOP10블룸버그,0,정상
435420,TIGER 미국나스닥100TR채권혼합Fn,0,정상
435530,히어로즈 TDF2030액티브,0,정상
435540,히어로즈 TDF2040액티브,0,정상
435550,히어로즈 TDF2050액티브,0,정상
436140,SOL 종합채권(AA-이상)액티브,0,정상
436180,ARIRANG K-유니콘투자기업액티브,0,정상
437070,KODEX 아시아달러채권SRI플러스액티브,0,정상
437080,KODEX 미국종합채권SRI액티브(H),0,정상
437350,KBSTAR 미국단기투자등급회사채액티브,0,정상
437370,KBSTAR 글로벌농업경제MV,0,정상
437550,히어로즈 글로벌리츠이지스액티브,0,정상
438080,ACE 미국S&P500채권혼합액티브,0,정상
438100,ACE 미국나스닥100채권혼합액티브,0,정상
438210,ARIRANG 글로벌인공지능산업MV,0,정상
438320,TIGER 차이나항셍테크레버리지(합성 H),0,정상
438330,TIGER 투자등급회사채액티브,0,정상
438560,SOL 국고채3년,0,정상
438570,SOL 국고채10년,0,정상
438740,마이다스 KoreaStock중소형액티브,0,정상
438900,HANARO Fn K-푸드,0,정상
439860,KODEX ESG종합채권(A-이상)액티브,0,정상
439870,KODEX 국고채30년액티브,0,정상
440340,TIGER 글로벌멀티에셋TIF액티브,0,정상
440640,ACE 단기채권알파액티브,0,정상
440650,ACE 미국달러단기채권액티브,0,정상
440910,WOORI 미국S&P우주항공&디펜스,0,정상
441330,KOSEF 차이나A50커넥트MSCI,0,정상
441540,HANARO Fn조선해운,0,정상
441640,KODEX 미국배당프리미엄액티브,0,정상
441680,TIGER 미국나스닥100커버드콜(합성),0,정상
441800,TIMEFOLIO Korea플러스배당액티브,0,정상
442090,에셋플러스 코리아대장장이액티브,0,정상
442260,마이티 다이나믹퀀트액티브,0,정상
442320,KBSTAR 글로벌원자력iSelect,0,정상
442550,KBSTAR TDF2030액티브,0,정상
442560,KBSTAR TDF2040액티브,0,정상
442570,KBSTAR TDF2050액티브,0,정상
442580,ARIRANG 글로벌D램반도체iSelect,0,정상
444200,SOL KEDI메가테크액티브,0,정상
444490,WOORI 미국S&P500,0,정상
445150,KODEX K-친환경선박액티브,0,정상
445290,KODEX K-로봇액티브,0,정상
445690,BNK 주주가치액티브,0,정상
445910,TIGER MKF배당귀족,0,정상
445930,KOSEF 차이나A50커넥트레버리지MSCI(합성H),0,정상
445950,KOSEF 차이나A50커넥트인버스MSCI(합성 H),0,정상
446070,유니드비티플러스,0,정상
446690,KODEX 아시아반도체공급망exChina액티브,0,정상
446700,KBSTAR 배터리 리사이클링iSelect,0,정상
446720,SOL 미국배당다우존스,0,정상
446770,ACE 글로벌반도체TOP4 Plus SOLACTIVE,0,정상
447430,ACE 차세대가치주액티브,0,정상
447620,SOL 미국TOP5채권혼합40 Solactive,0,정상
447660,ARIRANG Apple채권혼합Fn,0,정상
447770,TIGER 테슬라채권혼합Fn,0,정상
447780,TIGER 23-12 국공채액티브,0,정상
447820,TIGER 24-10 회사채(A+이상)액티브,0,정상
448100,WOORI 200,0,정상
448290,TIGER 미국S&P500TR(H),0,정상
448300,TIGER 미국나스닥100TR(H),0,정상
448310,KODEX 23-12 국고채액티브,0,정상
448320,KODEX 23-12 은행채(AA+이상)액티브,0,정상
448330,KODEX 삼성전자채권혼합Wise,0,정상
448490,HANARO 32-10 국고채액티브,0,정상
448510,HANARO 글로벌신재생에너지MSCI(합성),0,정상
448540,ACE 엔비디아채권혼합블룸버그,0,정상
448570,FOCUS AI코리아액티브,0,정상
448590,KBSTAR 23-11 회사채(AA-이상)액티브,0,정상
448600,KBSTAR 25-11 회사채(AA-이상)액티브,0,정상
448630,KBSTAR 삼성그룹Top3채권혼합블룸버그,0,정상
448870,ACE 23-12 회사채(AA-이상)액티브,0,정상
448880,ACE 24-12 회사채(AA-이상)액티브,0,정상
449170,TIGER KOFR금리액티브(합성),0,정상
449180,KODEX 미국S&P500(H),0,정상
449190,KODEX 미국나스닥100(H),0,정상
449450,ARIRANG K방산Fn,0,정상
449540,SOL 24-06 국고채액티브,0,정상
449580,KBSTAR 미국빅데이터Top3채권혼합iSelect,0,정상
449680,TIGER 한중전기차(합성),0,정상
449690,TIGER 한중반도체(합성),0,정상
449770,KOSEF 미국S&P500,0,정상
449780,KOSEF 미국S&P500(H),0,정상
450120,KOSEF SK그룹대표주,0,정상
450140,코오롱모빌리티그룹,0,정상
45014K,코오롱모빌리티그룹우,0,정상
450180,KODEX 한중전기차(합성),0,정상
450190,KODEX 한중반도체(합성),0,정상
450910,SOL 코스닥150,0,정상
451000,ARIRANG 종합채권(AA-이상)액티브,0,정상
451060,KTOP K200액티브,0,정상
451150,에셋플러스 글로벌영에이지액티브,0,정상
451530,TIGER 국고채30년스트립액티브,0,정상
451540,TIGER 종합채권(AA-이상)액티브,0,정상
451600,ARIRANG 국고채30년액티브,0,정상
451670,KBSTAR 국채30년레버리지KAP(합성),0,정상
452250,ACE 미국30년국채선물레버리지(합성 H),0,정상
452440,VITA 밸류알파액티브,0,정상
453010,ARIRANG KOFR금리,0,정상
453060,HANARO KOFR금리액티브(합성),0,정상
453080,KOSEF 미국나스닥100(H),0,정상
453850,ACE 미국30년국채액티브(H),0,정상
950210,프레스티지바이오파마,0,정상
500055,신한 인버스 Russell 2000 ETN,0,정상
500056,신한 레버리지 Russell 2000 ETN,0,정상
500057,신한 인버스 2X Russell 2000 ETN,0,정상
500059,신한 FnGuide 메타버스 ETN,0,정상
500060,신한 코스피 200 ETN,0,정상
500061,신한 인버스 코스피 200 선물 ETN,0,정상
500062,신한 코스닥 150 ETN,0,정상
500063,신한 인버스 코스닥 150 선물 ETN,0,정상
500064,신한 FnGuide 폐기물처리 ETN,0,정상
500065,신한 블룸버그 레버리지 WTI원유 선물 ETN,0,정상
500066,신한 블룸버그 인버스 2X WTI원유 선물 ETN,0,정상
500067,신한 레버리지 10년 국채선물 ETN,0,정상
500068,신한 인버스 2X 10년 국채선물 ETN,0,정상
500069,신한 레버리지 코스피 200 선물 ETN,0,정상
500070,신한 인버스 2X 코스피 200 선물 ETN,0,정상
500071,신한 레버리지 코스닥 150 선물 ETN,0,정상
500072,신한 인버스 2X 코스닥 150 선물 ETN,0,정상
500073,신한 블룸버그 2X 천연가스 선물 ETN(H),0,정상
500074,신한 블룸버그 -2X 천연가스 선물 ETN(H),0,정상
500075,신한 FnGuide 치킨 ETN,0,정상
500076,신한 S&P500 VIX S/T 선물 ETN D,0,정상
500007,신한 인버스 은 선물 ETN(H),0,정상
500001,신한 K200 USD 선물 바이셀 ETN,0,정상
500002,신한 USD K200 선물 바이셀 ETN,0,정상
500035,신한 레버리지 미국달러 선물 ETN,0,정상
500036,신한 인버스 2X 미국달러 선물 ETN,0,정상
500020,신한 레버리지 다우존스지수 선물 ETN(H),0,정상
500028,신한 인버스 2X 다우존스지수 선물 ETN(H),0,정상
500050,신한 레버리지 S&P500 선물 ETN,0,정상
500051,신한 인버스 2X S&P500 선물 ETN,0,정상
500003,신한 인버스 WTI원유 선물 ETN(H),0,정상
500004,신한 브렌트원유 선물 ETN(H),0,정상
500005,신한 인버스 브렌트원유 선물 ETN(H),0,정상
500006,신한 인버스 금 선물 ETN(H),0,정상
500008,신한 인버스 구리 선물 ETN(H),0,정상
500009,신한 다우존스지수 선물 ETN(H),0,정상
500010,신한 인버스 다우존스지수 선물 ETN(H),0,정상
500011,신한 달러인덱스 선물 ETN(H),0,정상
500012,신한 인버스 달러인덱스 선물 ETN(H),0,정상
500013,신한 옥수수 선물 ETN(H),0,정상
500014,신한 인버스 옥수수 선물 ETN(H),0,정상
500015,신한 WTI원유 선물 ETN(H),0,정상
500016,신한 금 선물 ETN(H),0,정상
500017,신한 은 선물 ETN(H),0,정상
500018,신한 구리 선물 ETN(H),0,정상
500019,신한 레버리지 WTI원유 선물 ETN(H),0,정상
500023,신한 콩 선물 ETN(H),0,정상
500024,신한 인버스 콩 선물 ETN(H),0,정상
500027,신한 인버스 2X WTI원유 선물 ETN(H),0,정상
500029,신한 레버리지 은 선물 ETN(H),0,정상
500030,신한 인버스 2X 은 선물 ETN(H),0,정상
500037,신한 레버리지 금 선물 ETN,0,정상
500038,신한 인버스 2X 금 선물 ETN,0,정상
500040,신한 레버리지 구리 선물 ETN,0,정상
500041,신한 인버스 2X 구리 선물 ETN,0,정상
510015,대신 밀 선물 ETN(H),0,정상
510016,대신 천연가스 선물 ETN(H),0,정상
510017,대신 2X 철광석 선물 ETN(H),0,정상
510019,대신 인버스 천연가스 선물 ETN(H),0,정상
510020,대신 2X 알루미늄 선물 ETN(H),0,정상
510021,대신 인버스 2X 알루미늄 선물 ETN(H),0,정상
510022,대신 S&P WTI원유 선물 ETN,0,정상
510023,대신 S&P 인버스 WTI원유 선물 ETN,0,정상
510024,대신 인버스 밀 선물 ETN(H),0,정상
510025,대신 S&P500 VIX S/T 선물 ETN,0,정상
510026,대신 레버리지 코스닥 150 선물 ETN,0,정상
510027,대신 인버스 2X 코스닥 150 선물 ETN,0,정상
510028,대신 S&P 2X 천연가스 선물 ETN,0,정상
510029,대신 S&P 인버스 2X 천연가스 선물 ETN,0,정상
510030,대신 레버리지 KRX 금현물 ETN,0,정상
510031,대신 철광석 선물 ETN(H) B,0,정상
510032,대신 인버스 철광석 선물 ETN(H) B,0,정상
520030,미래에셋 KRX금현물 Auto-KO-C 2312-01 ETN,0,정상
520033,미래에셋 레버리지 은 선물 ETN,0,정상
520034,미래에셋 인버스 2X 은 선물 ETN,0,정상
520037,미래에셋 코스피200 선물 ETN,0,정상
520038,미래에셋 인버스 코스피200 선물 ETN,0,정상
520039,미래에셋 코스닥150 선물 ETN,0,정상
520040,미래에셋 인버스 코스닥150 선물 ETN,0,정상
520043,미래에셋 S&P 유럽탄소배출권 선물 ETN,0,정상
520046,미래에셋 레버리지 옥수수 선물 ETN,0,정상
520047,미래에셋 인버스 2X 옥수수 선물 ETN,0,정상
520050,미래에셋 인버스 2X 원유선물혼합 ETN(H),0,정상
520052,미래에셋 천연가스 선물 ETN(H),0,정상
520053,미래에셋 인버스 천연가스 선물 ETN(H),0,정상
520054,미래에셋 레버리지 코스피200 선물 ETN,0,정상
520055,미래에셋 인버스 2X 코스피200 선물 ETN,0,정상
520056,미래에셋 레버리지 코스닥150 선물 ETN,0,정상
520057,미래에셋 인버스 2X 코스닥150 선물 ETN,0,정상
520058,미래에셋 S&P 2X 천연가스 선물 ETN(H),0,정상
520059,미래에셋 S&P -2X 천연가스 선물 ETN(H),0,정상
520060,미래에셋 FnGuide 부산엑스포 추가수익 ETN,0,정상
520061,미래에셋 인도네시아 Top5 ETN,0,정상
520062,미래에셋 인도네시아 금속&에너지 Top5 ETN,0,정상
520004,미래에셋 전기전자 Core5 ETN,0,정상
520005,미래에셋 인버스 전기전자 Core5 ETN,0,정상
520006,미래에셋 에너지화학 Core5 ETN,0,정상
520007,미래에셋 인버스 에너지화학 Core5 ETN,0,정상
520013,미래에셋 Q150 Core5 ETN,0,정상
520014,미래에셋 미디어엔터 Core5 ETN,0,정상
520015,미래에셋 인버스 미디어엔터 Core5 ETN,0,정상
520026,미래에셋 코스피 양매도 5% OTM ETN,0,정상
520009,미래에셋 레버리지 원유선물혼합 ETN(H),0,정상
520010,미래에셋 원유선물혼합 ETN(H),0,정상
520011,미래에셋 인버스 원유선물혼합 ETN(H),0,정상
520003,미래에셋 원자재 선물 ETN(H),0,정상
530068,삼성 레버리지 천연가스 선물 ETN B,0,정상
530070,삼성 레버리지 나스닥 100 ETN(H),0,정상
530071,삼성 인버스 2X 나스닥 100 ETN(H),0,정상
530073,삼성 HSCEI ETN(H),0,정상
530074,삼성 인버스 HSCEI ETN(H),0,정상
530075,삼성 레버리지 HSCEI ETN(H),0,정상
530076,삼성 인버스 2X HSCEI ETN(H),0,정상
530077,삼성 나스닥 100 ETN(H),0,정상
530078,삼성 인버스 나스닥 100 ETN(H),0,정상
530079,삼성 항셍테크 ETN(H),0,정상
530080,삼성 인버스 항셍테크 ETN(H),0,정상
530081,삼성 레버리지 항셍테크 ETN(H),0,정상
530082,삼성 인버스 2X 항셍테크 ETN(H),0,정상
530083,삼성 금 선물 ETN(H),0,정상
530084,삼성 인버스 금 선물 ETN(H),0,정상
530087,삼성 KRX 2차전지 K-뉴딜 ETN,0,정상
530088,삼성 레버리지 KRX 2차전지 K-뉴딜 ETN,0,정상
530089,삼성 은 선물 ETN(H),0,정상
530090,삼성 인버스 은 선물 ETN(H),0,정상
530091,삼성 코스피 200 ETN,0,정상
530092,삼성 인버스 코스피 200 선물 ETN,0,정상
530093,삼성 코스닥 150 ETN,0,정상
530094,삼성 인버스 코스닥 150 선물 ETN,0,정상
530095,삼성 구리 선물 ETN(H),0,정상
530096,삼성 인버스 구리 선물 ETN(H),0,정상
530097,삼성 알루미늄 선물 ETN,0,정상
530098,삼성 블룸버그 WTI원유 선물 ETN,0,정상
530099,삼성 블룸버그 레버리지 WTI원유 선물 ETN,0,정상
530100,삼성 블룸버그 인버스 2X WTI원유 선물 ETN,0,정상
530101,삼성 FnGuide 웹 3.0 ETN,0,정상
530102,삼성 인버스 2X 천연가스 선물 ETN C,0,정상
530103,삼성 KRX 리츠 TOP10 월배당 ETN,0,정상
530104,삼성 레버리지 코스피200 선물 ETN,0,정상
530105,삼성 인버스 2X 코스피200 선물 ETN,0,정상
530106,삼성 레버리지 코스닥150 선물 ETN,0,정상
530107,삼성 인버스 2X 코스닥150 선물 ETN,0,정상
530109,삼성 S&P500 VIX S/T 선물 ETN,0,정상
530067,삼성 KRX 금현물 ETN,0,정상
530060,삼성 코스피 양매도 5% OTM ETN,0,정상
530015,삼성 미국 대형 성장주 ETN(H),0,정상
530016,삼성 미국 대형 가치주 ETN(H),0,정상
530019,삼성 미국 대형 성장주 ETN,0,정상
530020,삼성 미국 대형 가치주 ETN,0,정상
530031,삼성 레버리지 WTI원유 선물 ETN,0,정상
530036,삼성 인버스 2X WTI원유 선물 ETN,0,정상
530055,삼성 레버리지 금 선물 ETN(H),0,정상
530056,삼성 인버스 2X 금 선물 ETN(H),0,정상
530061,삼성 레버리지 은 선물 ETN(H),0,정상
530062,삼성 인버스 2X 은 선물 ETN(H),0,정상
530063,삼성 레버리지 구리 선물 ETN(H),0,정상
530064,삼성 인버스 2X 구리 선물 ETN(H),0,정상
530002,삼성 인버스 China A50 선물 ETN(H),0,정상
530014,삼성 China A50 선물 ETN(H),0,정상
530023,삼성 레버리지 China A50 선물 ETN(H),0,정상
550059,QV iSelect 글로벌 EMP ETN(H),0,정상
550061,QV 인버스 미국 IT TOP5 ETN(H),0,정상
550062,QV 레버리지 금 선물 ETN(H),0,정상
550063,QV 인버스 레버리지 금 선물 ETN(H),0,정상
550064,QV 레버리지 은 선물 ETN(H),0,정상
550065,QV 인버스 레버리지 은 선물 ETN(H),0,정상
550066,QV S&P500 버퍼10% 9월 ETN,0,정상
550067,QV 코스피 200 ETN,0,정상
550068,QV 코스닥 150 ETN,0,정상
550069,QV 레버리지 구리 선물 ETN(H),0,정상
550070,QV 인버스 레버리지 구리 선물 ETN(H),0,정상
550071,QV 블룸버그 2X WTI원유선물 ETN,0,정상
550072,QV 블룸버그 -2X WTI원유선물 ETN,0,정상
550073,QV iSelect-WG 그린에너지 ESG ETN,0,정상
550074,QV 블룸버그 2X 천연가스 선물 ETN(H),0,정상
550075,QV 블룸버그 -2X 천연가스 선물 ETN(H),0,정상
550076,QV US 500 월간레버리지 ETN(H),0,정상
550077,QV S&P500 버퍼10% 3월 ETN(H),0,정상
550078,QV S&P500 버퍼10% 6월 ETN(H),0,정상
550079,QV S&P500 버퍼10% 12월 ETN(H),0,정상
550080,QV US 500 ETN(H),0,정상
550081,QV S&P500 VIX S/T 선물 ETN D,0,정상
550057,QV 코스피 변동성 매칭형 양매도 ETN,0,정상
550041,QV 미국 IT TOP5 ETN(H),0,정상
550044,QV 레버리지 S&P500 ETN,0,정상
550045,QV 인버스 레버리지 S&P500 ETN,0,정상
550043,QV 인버스 레버리지 WTI원유 선물 ETN(H),0,정상
570045,TRUE 레버리지 천연가스 선물 ETN(H),0,정상
570046,TRUE 인버스 2X 천연가스 선물 ETN(H),0,정상
570047,TRUE FTSE100 ETN,0,정상
570048,TRUE 유로스탁스50 양매도 5% OTM ETN(H),0,정상
570049,TRUE S&P500 양매도 4% OTM ETN(H),0,정상
570050,TRUE S&P500 선물 ETN,0,정상
570051,TRUE 나스닥 100 ETN,0,정상
570052,TRUE 플래티넘 선물 ETN,0,정상
570053,TRUE 인버스 플래티넘 선물 ETN,0,정상
570054,TRUE 레버리지 유로스탁스50 ETN(H) B,0,정상
570055,TRUE 금 선물 ETN,0,정상
570056,TRUE 인버스 금 선물 ETN,0,정상
570057,TRUE 은 선물 ETN,0,정상
570058,TRUE 인버스 은 선물 ETN,0,정상
570059,TRUE 레버리지 금 선물 ETN,0,정상
570060,TRUE 인버스 2X 금 선물 ETN,0,정상
570061,TRUE 레버리지 은 선물 ETN,0,정상
570062,TRUE 인버스 2X 은 선물 ETN,0,정상
570063,TRUE 베트남 VN30 선물 ETN(H),0,정상
570064,TRUE 인버스 베트남 VN30 선물 ETN(H),0,정상
570065,TRUE 레버리지 베트남 VN30 선물 ETN(H),0,정상
570066,TRUE 인버스 2X 베트남 VN30 선물 ETN(H),0,정상
570067,TRUE 코스피 200 ETN,0,정상
570068,TRUE 코스닥 150 ETN,0,정상
570069,TRUE 레버리지 플래티넘 선물 ETN,0,정상
570070,TRUE 인버스 2X 플래티넘 선물 ETN,0,정상
570071,TRUE 구리 선물 ETN,0,정상
570072,TRUE 레버리지 구리 선물 ETN,0,정상
570073,TRUE 인버스 2X 구리 선물 ETN,0,정상
570074,TRUE S&P 유럽탄소배출권 선물 ETN(H),0,정상
570077,TRUE 블룸버그 WTI원유 선물 ETN,0,정상
570078,TRUE 블룸버그 레버리지 WTI원유 선물 ETN,0,정상
570079,TRUE 블룸버그 인버스 2X WTI원유 선물 ETN,0,정상
570080,TRUE FnGuide IoT ETN,0,정상
570081,TRUE 레버리지 코스닥 150 선물 ETN,0,정상
570082,TRUE 인버스 2X 코스닥 150 선물 ETN,0,정상
570083,TRUE 블룸버그 레버리지 천연가스 선물 ETN,0,정상
570084,TRUE 블룸버그 인버스 2X 천연가스선물 ETN,0,정상
570085,TRUE 블룸버그 인도네시아 대표원자재 ETN,0,정상
570019,TRUE 코스피 양매도 5% OTM ETN,0,정상
570029,TRUE 코스피 양매도 3% OTM ETN,0,정상
570022,TRUE 레버리지 S&P500 선물 ETN(H),0,정상
570023,TRUE 인버스 2X S&P500 선물 ETN(H),0,정상
570042,TRUE 인버스 나스닥 100 ETN,0,정상
570043,TRUE 레버리지 나스닥 100 ETN,0,정상
570044,TRUE 인버스 2X 나스닥 100 ETN,0,정상
570025,TRUE 인버스 유로스탁스50 ETN(H) B,0,정상
570027,TRUE 인버스 2X 유로스탁스50 ETN(H),0,정상
570028,TRUE 인버스 HSCEI ETN(H) B,0,정상
570031,TRUE 레버리지 HSCEI ETN(H),0,정상
570032,TRUE 인버스 2X HSCEI ETN(H),0,정상
580011,KB FnGuide 언택트 ETN,0,정상
580013,KB KRX ESG Eco ETN,0,정상
580014,KB 인버스 2X 나스닥 100 ETN,0,정상
580015,KB 레버리지 나스닥 100 ETN,0,정상
580016,KB 레버리지 S&P 500 선물 ETN(H),0,정상
580017,KB 인버스 2X S&P 500 선물 ETN,0,정상
580019,KB 인버스 2X 항셍테크 선물 ETN,0,정상
580020,KB 천연가스 선물 ETN(H),0,정상
580021,KB 인버스 천연가스 선물 ETN,0,정상
580022,KB 레버리지 금 선물 ETN(H),0,정상
580023,KB 인버스 2X 금 선물 ETN(H),0,정상
580024,KB 레버리지 KRX BBIG K-뉴딜 ETN,0,정상
580025,KB 레버리지 KRX 2차전지 K-뉴딜 ETN,0,정상
580026,KB 레버리지 은 선물 ETN(H),0,정상
580027,KB 인버스 2X 은 선물 ETN(H),0,정상
580028,KB KOSPI 200 선물 ETN,0,정상
580029,KB 인버스 KOSPI 200 선물 ETN,0,정상
580030,KB KOSDAQ 150 선물 ETN,0,정상
580031,KB 인버스 KOSDAQ150 선물 ETN,0,정상
580032,KB 레버리지 구리 선물 ETN(H),0,정상
580033,KB 인버스 2X 구리 선물 ETN(H),0,정상
580034,KB 레버리지 FANG 플러스 ETN(H),0,정상
580035,KB S&P 유럽탄소배출권 선물 ETN(H),0,정상
580036,KB S&P 레버리지 WTI원유 선물 ETN(H),0,정상
580037,KB S&P 인버스 2X WTI원유 선물 ETN,0,정상
580038,KB 레버리지 KRX 리츠 TOP 10 ETN,0,정상
580039,KB 레버리지 KOSPI 200 선물 ETN,0,정상
580040,KB 인버스 2X KOSPI 200 선물 ETN,0,정상
580043,KB 레버리지 KOSDAQ 150 선물 ETN,0,정상
580044,KB 인버스 2X KOSDAQ 150 선물 ETN,0,정상
580045,KB 블룸버그 레버리지 천연가스선물 ETN(H),0,정상
580046,KB 블룸버그 인버스2X 천연가스선물 ETN(H),0,정상
580047,KB 레버리지 항셍테크 선물 ETN(H) B,0,정상
580010,KB Wise 분할매매 ETN,0,정상
590018,미래에셋 중국 심천 100 ETN,0,정상
610001,메리츠 인플레이션 국채 ETN,0,정상
610002,메리츠 레버리지 인플레이션 국채 ETN,0,정상
610003,메리츠 미국 인플레이션 국채 ETN(H),0,정상
610004,메리츠 미국레버리지 인플레이션국채ETN(H),0,정상
610005,메리츠 레버리지 KRX300 선물 ETN,0,정상
610006,메리츠 인버스 2X KRX300 선물 ETN,0,정상
610007,메리츠 국채30년 ETN,0,정상
610008,메리츠 레버리지 국채30년 ETN,0,정상
610009,메리츠 인버스 국채30년 ETN,0,정상
610010,메리츠 인버스 2X 국채30년 ETN,0,정상
610011,메리츠 금 선물 ETN(H),0,정상
610012,메리츠 레버리지 금 선물 ETN(H),0,정상
610013,메리츠 인버스 2X 금 선물 ETN(H),0,정상
610014,메리츠 은 선물 ETN(H),0,정상
610015,메리츠 인버스 은 선물 ETN(H),0,정상
610016,메리츠 레버리지 은 선물 ETN(H),0,정상
610017,메리츠 인버스 2X 은 선물 ETN(H),0,정상
610018,메리츠 국채10년 ETN,0,정상
610019,메리츠 레버리지 국채10년 ETN,0,정상
610020,메리츠 인버스 국채10년 ETN,0,정상
610021,메리츠 인버스 2X 국채10년 ETN,0,정상
610022,메리츠 미국채10년 ETN(H),0,정상
610023,메리츠 레버리지 미국채10년 ETN(H),0,정상
610024,메리츠 인버스 미국채10년 ETN(H),0,정상
610025,메리츠 인버스 2X 미국채10년 ETN(H),0,정상
610026,메리츠 구리 선물 ETN(H),0,정상
610027,메리츠 인버스 구리 선물 ETN(H),0,정상
610028,메리츠 레버리지 구리 선물 ETN(H),0,정상
610029,메리츠 인버스 2X 구리 선물 ETN(H),0,정상
610030,메리츠 S&P 유럽탄소배출권 선물 ETN(H),0,정상
610031,메리츠 S&P 유럽탄소배출권 선물 ETN,0,정상
610032,메리츠 CSI 300 ETN,0,정상
610033,메리츠 STAR 50 ETN,0,정상
610034,메리츠 대표 농산물 선물 ETN(H),0,정상
610035,메리츠 레버리지 대표 농산물 선물 ETN(H),0,정상
610036,메리츠 인버스 2X 대표 농산물 선물 ETN(H),0,정상
610037,메리츠 미국채30년 ETN(H),0,정상
610038,메리츠 레버리지 미국채30년 ETN(H),0,정상
610039,메리츠 인버스 미국채30년 ETN(H),0,정상
610040,메리츠 인버스 2X 미국채30년 ETN(H),0,정상
610041,메리츠 블룸버그 레버리지 WTI선물 ETN(H),0,정상
610042,메리츠 블룸버그 인버스 2X WTI선물 ETN(H),0,정상
610043,메리츠 천연가스 선물 ETN(H),0,정상
610044,메리츠 인버스 천연가스 선물 ETN(H),0,정상
610045,메리츠 국채3년 ETN,0,정상
610046,메리츠 레버리지 국채3년 ETN,0,정상
610047,메리츠 인버스 국채3년 ETN,0,정상
610048,메리츠 인버스 2X 국채3년 ETN,0,정상
610049,메리츠 국채5년 ETN,0,정상
610050,메리츠 레버리지 국채5년 ETN,0,정상
610051,메리츠 인버스 국채5년 ETN,0,정상
610052,메리츠 인버스 2X 국채5년 ETN,0,정상
610053,메리츠 블룸버그 2X 천연가스 선물 ETN(H),0,정상
610054,메리츠 블룸버그 -2X 천연가스 선물 ETN(H),0,정상
610055,메리츠 3X 레버리지 국채3년 ETN,0,정상
610056,메리츠 인버스 3X 국채3년 ETN,0,정상
610057,메리츠 3X 레버리지 국채5년 ETN,0,정상
610058,메리츠 인버스 3X 국채5년 ETN,0,정상
610059,메리츠 3X 레버리지 국채10년 ETN,0,정상
610060,메리츠 인버스 3X 국채10년 ETN,0,정상
610061,메리츠 3X 레버리지 국채30년 ETN,0,정상
610062,메리츠 인버스 3X 국채30년 ETN,0,정상
700007,하나 코스닥150 선물 ETN,0,정상
700008,하나 인버스 코스닥150 선물 ETN,0,정상
700009,하나 레버리지 구리 선물 ETN(H),0,정상
700010,하나 인버스 2X 구리 선물 ETN(H),0,정상
700011,하나 레버리지 옥수수 선물 ETN(H),0,정상
700012,하나 인버스 2X 옥수수 선물 ETN(H),0,정상
700013,하나 레버리지 콩 선물 ETN(H),0,정상
700014,하나 인버스 2X 콩 선물 ETN(H),0,정상
700015,하나 S&P 레버리지 WTI원유 선물 ETN,0,정상
700016,하나 S&P 인버스 2X WTI원유 선물 ETN,0,정상
700017,하나 레버리지 코스닥150 선물 ETN,0,정상
700018,하나 인버스 2X 코스닥150 선물 ETN,0,정상
700019,하나 블룸버그 2X 천연가스 선물 ETN(H),0,정상
700020,하나 블룸버그 -2X 천연가스 선물 ETN(H),0,정상
700021,하나 iSelect-WG 탄소중립 ESG ETN,0,정상
700022,하나 Solactive US Tech Top 10 ETN(H),0,정상
700023,하나 Solactive 2X US Tech Top 10 ETN(H),0,정상
760001,키움 미국달러선물 ETN,0,정상
760002,키움 코스피 200 ETN,0,정상
760003,키움 코스닥 150 ETN,0,정상
760004,키움 인버스 미국달러선물 ETN,0,정상
760005,키움 INDXX 미국테크탑10 ETN,0,정상
900140,엘브이엠씨홀딩스,0,정상
TICKER,TICKER_NM,TICKER_TYPE,TICKER_STAT
900110,이스트아시아홀딩스,10,정상
900270,헝셩그룹,10,정상
900260,로스웰,10,정상
900290,GRT,10,투자주의
900300,오가닉티코스메틱,10,정상
900310,컬러레이,10,정상
900340,윙입푸드,10,정상
000250,삼천당제약,10,정상
000440,중앙에너비스,10,정상
001000,신라섬유,10,정상
001540,안국약품,10,정상
001810,무림SP,10,정상
001840,이화공영,10,정상
002230,피에스텍,10,투자주의환기종목
002290,삼일기업공사,10,정상
002680,한탑,10,정상
002800,신신제약,10,정상
003100,선광,10,정상
003310,대주산업,10,정상
003380,하림지주,10,정상
003800,에이스침대,10,정상
004590,한국가구,10,정상
004650,창해에탄올,10,정상
004780,대륙제관,10,정상
005160,동국산업,10,정상
005290,동진쎄미켐,10,정상
005670,푸드웰,10,정상
005710,대원산업,10,정상
005860,한일사료,10,정상
005990,매일홀딩스,10,정상
006050,국영지앤엠,10,정상
006140,피제이전자,10,정상
006580,대양제지,10,정상
006620,동구바이오제약,10,정상
006730,서부T&D,10,정상
006910,보성파워텍,10,정상
006920,모헨즈,10,정상
007330,푸른저축은행,10,정상
007370,진양제약,10,정상
007390,네이처셀,10,정상
007530,영신금속,10,정상
007680,대원,10,정상
007720,대명소노시즌,10,정상
007770,한일화학,10,정상
007820,에스엠코어,10,정상
008290,원풍물산,10,정상
008370,원풍,10,정상
008470,부스타,10,정상
008830,대동기어,10,정상
009300,삼아제약,10,정상
009520,포스코엠텍,10,정상
009620,삼보산업,10,정상
009730,코센,10,정상
009780,엠에스씨,10,정상
010170,대한광통신,10,정상
010240,흥국,10,정상
010280,쌍용정보통신,10,정상
010470,오리콤,10,정상
011040,경동제약,10,정상
011080,형지I&C,10,정상
011320,유니크,10,정상
011370,서한,10,정상
011560,세보엠이씨,10,정상
012340,뉴인텍,10,정상
012620,원일특강,10,정상
012700,리드코프,10,정상
012790,신일제약,10,정상
012860,모베이스전자,10,정상
013030,하이록코리아,10,정상
013120,동원개발,10,정상
013310,아진산업,10,정상
013720,CBI,10,정상
013810,스페코,10,정상
013990,아가방컴퍼니,10,정상
014100,메디앙스,10,정상
014190,원익큐브,10,정상
014200,광림,10,정상
014470,부방,10,정상
014570,고려제약,10,정상
014620,성광벤드,10,정상
014940,오리엔탈정공,10,정상
014970,삼륭물산,10,정상
015710,코콤,10,정상
015750,성우하이텍,10,정상
016100,리더스코스메틱,10,정상
016250,SGC이테크건설,10,정상
016600,큐캐피탈,10,정상
016670,디모아,10,정상
016790,카나리아바이오,10,정상
016920,카스,10,정상
017000,신원종합개발,10,정상
017250,인터엠,10,정상
017480,삼현철강,10,정상
017510,세명전기,10,정상
017650,대림제지,10,정상
017890,한국알콜,10,정상
018000,유니슨,10,정상
018120,진로발효,10,정상
018290,브이티지엠피,10,정상
018310,삼목에스폼,10,정상
018620,우진비앤지,10,정상
018680,서울제약,10,정상
018700,바른손,10,정상
019010,베뉴지,10,정상
019210,와이지-원,10,정상
019540,일지테크,10,정상
019550,SBI인베스트먼트,10,정상
019570,리더스 기술투자,10,정상
019590,엠벤처투자,10,정상
019660,글로본,10,정상
019770,서연탑메탈,10,정상
019990,에너토크,10,정상
020180,대신정보통신,10,정상
020400,대동금속,10,정상
020710,시공테크,10,정상
021040,대호특수강,10,정상
021045,대호특수강우,10,정상
021080,에이티넘인베스트,10,정상
021320,KCC건설,10,정상
021650,한국큐빅,10,정상
021880,메이슨캐피탈,10,정상
022100,포스코 ICT,10,정상
022220,TKG애강,10,정상
023160,태광,10,정상
023410,유진기업,10,정상
023440,제이스코홀딩스,10,정상
023460,CNH,10,정상
023600,삼보판지,10,정상
023760,한국캐피탈,10,정상
023770,플레이위드,10,정상
023790,동일철강,10,정상
023900,풍국주정,10,정상
023910,대한약품,10,정상
024060,흥구석유,10,정상
024120,KB오토시스,10,정상
024740,한일단조,10,정상
024800,유성티엔에스,10,정상
024810,이화전기,10,정상
024830,세원물산,10,정상
024840,KBI메탈,10,정상
024850,피에스엠씨,10,정상
024880,케이피에프,10,정상
024910,경창산업,10,정상
024940,PN풍년,10,정상
024950,삼천리자전거,10,정상
025320,시노펙스,10,정상
025440,DH오토웨어,10,정상
025550,한국선재,10,정상
025770,한국정보통신,10,정상
025870,신라에스지,10,정상
025880,케이씨피드,10,정상
025900,동화기업,10,정상
025950,동신건설,10,정상
025980,아난티,10,정상
026040,제이에스티나,10,정상
026150,특수건설,10,정상
026910,광진실업,10,정상
027040,서울전자통신,10,정상
027050,코리아나,10,정상
027360,아주IB투자,10,정상
027580,상보,10,정상
027710,팜스토리,10,정상
027830,대성창투,10,정상
028080,휴맥스홀딩스,10,정상
028300,HLB,10,정상
029480,광무,10,정상
029960,코엔텍,10,정상
030190,NICE평가정보,10,정상
030350,드래곤플라이,10,정상
030520,한글과컴퓨터,10,정상
030530,원익홀딩스,10,정상
030960,양지사,10,정상
031310,아이즈비전,10,정상
031330,에스에이엠티,10,정상
031510,오스템,10,정상
031860,엔에스엔,10,정상
031980,피에스케이홀딩스,10,정상
032080,아즈텍WB,10,정상
032190,다우데이타,10,정상
032280,삼일,10,정상
032300,한국파마,10,정상
032500,케이엠더블유,10,정상
032540,TJ미디어,10,정상
032580,피델릭스,10,정상
032620,유비케어,10,정상
032680,소프트센,10,정상
032685,소프트센우,10,정상
032750,삼진,10,정상
032790,비엔지티,10,정상
032800,판타지오,10,정상
032820,우리기술,10,정상
032850,비트컴퓨터,10,정상
032860,휴먼엔,10,투자주의환기종목
032940,원익,10,정상
032960,동일기연,10,정상
032980,바이온,10,정상
033050,제이엠아이,10,정상
033100,제룡전기,10,정상
033130,디지틀조선,10,정상
033160,엠케이전자,10,정상
033170,시그네틱스,10,정상
033200,모아텍,10,정상
033230,인성정보,10,정상
033290,코웰패션,10,정상
033310,엠투엔,10,정상
033320,제이씨현시스템,10,정상
033340,좋은사람들,10,투자주의환기종목
033500,동성화인텍,10,정상
033540,파라텍,10,정상
033560,블루콤,10,정상
033640,네패스,10,정상
033790,스카이문스테크놀로지,10,정상
033830,티비씨,10,정상
034230,파라다이스,10,정상
034810,해성산업,10,정상
03481K,해성산업1우,10,정상
034940,조아제약,10,정상
034950,한국기업평가,10,정상
035080,그래디언트,10,정상
035200,프럼파스트,10,정상
035290,골드앤에스,10,정상
035460,기산텔레콤,10,정상
035600,KG이니시스,10,정상
035610,솔본,10,정상
035620,바른손이앤에이,10,정상
035760,CJ ENM,10,정상
035810,이지홀딩스,10,정상
035890,서희건설,10,정상
035900,JYP Ent.,10,정상
036000,예림당,10,정상
036010,아비코전자,10,정상
036030,케이티알파,10,정상
036090,위지트,10,정상
036120,SCI평가정보,10,정상
036170,클라우드에어,10,정상
036180,지더블유바이텍,10,정상
036190,금화피에스시,10,정상
036200,유니셈,10,정상
036480,대성미생물,10,정상
036540,SFA반도체,10,투자주의
036560,영풍정밀,10,정상
036620,감성코퍼레이션,10,정상
036630,세종텔레콤,10,투자주의환기종목
036640,HRS,10,정상
036670,KCI,10,정상
036690,코맥스,10,정상
036710,심텍홀딩스,10,정상
036800,나이스정보통신,10,정상
036810,에프에스티,10,정상
036830,솔브레인홀딩스,10,정상
036890,진성티이씨,10,정상
036930,주성엔지니어링,10,정상
037030,파워넷,10,정상
037070,파세코,10,정상
037230,한국팩키지,10,정상
037330,인지디스플레,10,정상
037350,성도이엔지,10,정상
037370,EG,10,정상
037400,우리엔터프라이즈,10,정상
037440,희림,10,정상
037460,삼지전자,10,정상
037760,쎄니트,10,정상
037950,엘컴텍,10,정상
038010,제일테크노스,10,정상
038060,루멘스,10,정상
038070,서린바이오,10,정상
038110,에코플라스틱,10,정상
038290,마크로젠,10,정상
038340,MIT,10,투자주의환기종목
038390,레드캡투어,10,정상
038460,바이오스마트,10,정상
038500,삼표시멘트,10,정상
038530,골드퍼시픽,10,정상
038540,상상인,10,정상
038620,위즈코프,10,정상
038680,에스넷,10,정상
038870,에코바이오,10,정상
038880,아이에이,10,정상
038950,파인디지털,10,정상
039010,현대에이치티,10,정상
039020,이건홀딩스,10,정상
039030,이오테크닉스,10,정상
039200,오스코텍,10,정상
039240,경남스틸,10,정상
039290,인포뱅크,10,정상
039310,세중,10,정상
039340,한국경제TV,10,정상
039420,케이엘넷,10,정상
039440,에스티아이,10,정상
039560,다산네트웍스,10,정상
039610,화성밸브,10,정상
039740,한국정보공학,10,정상
039830,오로라,10,정상
039840,디오,10,정상
039860,나노엔텍,10,정상
039980,리노스,10,정상
040160,누리플렉스,10,정상
040300,YTN,10,정상
040350,큐로컴,10,정상
040420,정상제이엘에스,10,정상
040610,SG&G,10,정상
040910,아이씨디,10,정상
041020,폴라리스오피스,10,정상
041190,우리기술투자,10,정상
041440,현대에버다임,10,정상
041460,한국전자인증,10,정상
041510,에스엠,10,정상
041520,이라이콤,10,정상
041590,플래스크,10,정상
041830,인바디,10,정상
041910,에스텍파마,10,정상
041920,메디아나,10,정상
041930,동아화성,10,정상
041960,코미팜,10,정상
042000,카페24,10,정상
042040,케이피엠테크,10,정상
042110,에스씨디,10,정상
042370,비츠로테크,10,정상
042420,네오위즈홀딩스,10,정상
042500,링네트,10,정상
042510,라온시큐어,10,정상
042520,한스바이오메드,10,정상
042600,새로닉스,10,정상
042940,상지카일룸,10,정상
043090,엑서지21,10,투자주의환기종목
043100,솔고바이오,10,정상
043150,바텍,10,정상
043200,파루,10,정상
043220,티에스넥스젠,10,정상
043260,성호전자,10,정상
043340,에쎈테크,10,정상
043360,디지아이,10,정상
043370,피에이치에이,10,정상
043590,크로바하이텍,10,정상
043610,지니뮤직,10,정상
043650,국순당,10,정상
043710,서울리거,10,정상
043910,자연과환경,10,정상
044060,조광ILI,10,정상
044180,KD,10,정상
044340,위닉스,10,정상
044480,블레이드 Ent,10,정상
044490,태웅,10,정상
044780,에이치케이,10,정상
044960,이글벳,10,정상
045060,오공,10,정상
045100,한양이엔지,10,정상
045300,성우테크론,10,정상
045340,토탈소프트,10,정상
045390,대아티아이,10,정상
045510,정원엔시스,10,정상
045520,크린앤사이언스,10,정상
045660,에이텍,10,정상
045970,코아시아,10,정상
046070,코다코,10,정상
046120,오르비텍,10,정상
046140,SBS콘텐츠허브,10,정상
046210,파나진,10,정상
046310,백금T&A,10,정상
046390,삼화네트웍스,10,정상
046440,KG모빌리언스,10,정상
046890,서울반도체,10,정상
046940,우원개발,10,정상
046970,우리로,10,정상
047080,한빛소프트,10,정상
047310,파워로직스,10,정상
047560,이스트소프트,10,정상
047770,코데즈컴바인,10,정상
047820,초록뱀미디어,10,정상
047920,HLB제약,10,정상
048260,오스템임플란트,10,정상
048410,현대바이오,10,정상
048430,유라테크,10,정상
048470,대동스틸,10,정상
048530,인트론바이오,10,정상
048550,SM C&C,10,정상
048770,TPC,10,정상
048830,엔피케이,10,정상
048870,시너지이노베이션,10,정상
048910,대원미디어,10,정상
049070,인탑스,10,정상
049080,기가레인,10,정상
049120,파인디앤씨,10,정상
049180,셀루메드,10,정상
049430,코메론,10,정상
049470,SGA,10,정상
049480,오픈베이스,10,정상
049520,유아이엘,10,정상
049550,잉크테크,10,정상
049630,재영솔루텍,10,정상
049720,고려신용정보,10,정상
049830,승일,10,정상
049950,미래컴퍼니,10,투자경고
049960,쎌바이오텍,10,정상
050090,비케이홀딩스,10,정상
050110,캠시스,10,정상
050120,ES큐브,10,정상
050540,엠피씨플러스,10,투자주의환기종목
050760,에스폴리텍,10,정상
050860,아세아텍,10,정상
050890,쏠리드,10,정상
050960,수산아이앤티,10,정상
051160,지어소프트,10,정상
051360,토비스,10,정상
051370,인터플렉스,10,정상
051380,피씨디렉트,10,정상
051390,YW,10,정상
051490,나라엠앤디,10,정상
051500,CJ프레시웨이,10,정상
051780,큐로홀딩스,10,정상
051980,중앙디앤엠,10,투자주의환기종목
052020,에스티큐브,10,정상
052220,iMBC,10,정상
052260,현대바이오랜드,10,정상
052300,초록뱀컴퍼니,10,정상
052330,코텍,10,정상
052400,코나아이,10,정상
052420,오성첨단소재,10,정상
052460,아이크래프트,10,정상
052600,한네트,10,정상
052670,제일바이오,10,투자주의환기종목
052710,아모텍,10,정상
052770,아이톡시,10,투자주의환기종목
052790,액토즈소프트,10,정상
052860,아이앤씨,10,정상
052900,KX하이텍,10,정상
053030,바이넥스,10,정상
053050,지에스이,10,정상
053060,세동,10,정상
053080,원방테크,10,정상
053160,프리엠스,10,정상
053260,금강철강,10,정상
053270,구영테크,10,정상
053280,예스24,10,정상
053290,NE능률,10,정상
053300,한국정보인증,10,정상
053350,이니텍,10,정상
053450,세코닉스,10,정상
053580,웹케시,10,정상
053590,한국테크놀로지,10,정상
053610,프로텍,10,정상
053620,태양,10,정상
053700,삼보모터스,10,정상
053800,안랩,10,정상
053950,경남제약,10,정상
053980,오상자이엘,10,정상
054040,한국컴퓨터,10,정상
054050,농우바이오,10,정상
054090,삼진엘앤디,10,정상
054180,메디콕스,10,정상
054210,이랜텍,10,정상
054220,비츠로시스,10,정상
054300,팬스타엔터프라이즈,10,정상
054410,케이피티유,10,정상
054450,텔레칩스,10,정상
054540,삼영엠텍,10,정상
054620,APS홀딩스,10,정상
054630,에이디칩스,10,정상
054670,대한뉴팜,10,정상
054780,키이스트,10,정상
054800,아이디스홀딩스,10,정상
054920,한컴위드,10,정상
054930,유신,10,정상
054940,엑사이엔씨,10,정상
054950,제이브이엠,10,정상
056000,코원플레이,10,투자주의환기종목
056080,유진로봇,10,정상
056090,이노시스,10,정상
056190,에스에프에이,10,정상
056360,코위버,10,정상
056700,신화인터텍,10,정상
056730,CNT85,10,투자주의환기종목
057030,YBM넷,10,정상
057540,옴니시스템,10,정상
057680,티사이언티픽,10,정상
057880,피에이치씨,10,투자주의환기종목
058110,멕아이씨에스,10,정상
058220,아리온,10,투자주의환기종목
058400,KNN,10,정상
058420,제이웨이,10,투자주의환기종목
058450,일야,10,정상
058470,리노공업,10,정상
058530,파나케이아,10,정상
058610,에스피지,10,정상
058630,엠게임,10,정상
058820,CMG제약,10,정상
058970,엠로,10,투자경고
059090,미코,10,정상
059100,아이컴포넌트,10,정상
059120,아진엑스텍,10,정상
059210,메타바이오메드,10,정상
059270,해성티피씨,10,정상
060150,인선이엔티,10,정상
060230,소니드,10,정상
060240,룽투코리아,10,정상
060250,NHN한국사이버결제,10,정상
060260,뉴보텍,10,정상
060280,큐렉소,10,정상
060310,3S,10,정상
060370,KT서브마린,10,정상
060380,동양에스텍,10,정상
060480,국일신동,10,정상
060540,에스에이티,10,정상
060560,홈센타홀딩스,10,정상
060570,드림어스컴퍼니,10,정상
060590,씨티씨바이오,10,투자주의
060720,KH바텍,10,정상
060850,영림원소프트랩,10,정상
060900,대한그린파워,10,정상
061040,알에프텍,10,정상
061250,화일약품,10,정상
061970,엘비세미콘,10,정상
062860,티엘아이,10,정상
062970,피피아이,10,정상
063080,컴투스홀딩스,10,정상
063170,서울옥션,10,정상
063440,SM Life Design,10,정상
063570,한국전자금융,10,정상
063760,이엘피,10,정상
064090,에프앤리퍼블릭,10,정상
064240,홈캐스트,10,정상
064260,다날,10,정상
064290,인텍플러스,10,정상
064480,브리지텍,10,정상
064520,테크엘,10,정상
064550,바이오니아,10,정상
064760,티씨케이,10,정상
064800,젬백스링크,10,정상
064820,케이프,10,정상
064850,에프앤가이드,10,정상
065060,지엔코,10,정상
065130,탑엔지니어링,10,정상
065150,엠피대산,10,정상
065170,비엘팜텍,10,정상
065350,신성델타테크,10,정상
065370,위세아이텍,10,정상
065420,에스아이리소스,10,정상
065440,이루온,10,정상
065450,빅텍,10,정상
065500,오리엔트정공,10,정상
065510,휴비츠,10,정상
065530,와이어블,10,정상
065560,녹원씨엔아이,10,정상
065570,삼영이엔씨,10,정상
065650,메디프론,10,정상
065660,안트로젠,10,정상
065680,우주일렉트로,10,정상
065690,파커스,10,정상
065710,서호전기,10,정상
065770,CS,10,정상
065950,웰크론,10,정상
066130,하츠,10,정상
066310,큐에스아이,10,정상
066360,체리부로,10,정상
066410,버킷스튜디오,10,정상
066430,와이오엠,10,정상
066590,우수AMS,10,정상
066620,국보디자인,10,정상
066670,디스플레이텍,10,정상
066700,테라젠이텍스,10,정상
066790,씨씨에스,10,정상
066900,디에이피,10,정상
066910,손오공,10,정상
066970,엘앤에프,10,정상
066980,이엔코퍼레이션,10,정상
067000,조이시티,10,정상
067010,이씨에스,10,정상
067080,대화제약,10,정상
067160,아프리카TV,10,정상
067170,오텍,10,정상
067280,멀티캠퍼스,10,정상
067290,JW신약,10,정상
067310,하나마이크론,10,정상
067370,선바이오,10,정상
067390,아스트,10,정상
067570,엔브이에이치코리아,10,정상
067630,HLB생명과학,10,정상
067730,로지시스,10,정상
067770,세진티에스,10,정상
067900,와이엔텍,10,정상
067920,이글루,10,정상
067990,도이치모터스,10,정상
068050,팬엔터테인먼트,10,정상
068240,다원시스,10,정상
068330,일신바이오,10,투자주의환기종목
068760,셀트리온제약,10,정상
068790,DMS,10,정상
068930,디지털대성,10,정상
068940,셀피글로벌,10,정상
069080,웹젠,10,정상
069110,코스온,10,투자주의환기종목
069140,누리플랜,10,정상
069330,유아이디,10,정상
069410,엔텔스,10,정상
069510,에스텍,10,정상
069540,라이트론,10,정상
069920,아이에스이커머스,10,정상
070300,엑스큐어,10,정상
070590,한솔인티큐브,10,정상
071200,인피니트헬스케어,10,정상
071280,로체시스템즈,10,정상
071460,위니아,10,정상
071670,에이테크솔루션,10,정상
071850,캐스텍코리아,10,정상
072020,중앙백신,10,정상
072470,우리산업홀딩스,10,정상
072520,제넨바이오,10,정상
072770,율호,10,정상
072870,메가스터디,10,정상
072950,빛샘전자,10,정상
072990,에이치시티,10,정상
073010,케이에스피,10,정상
073110,엘엠에스,10,정상
073190,듀오백,10,정상
073490,이노와이어리스,10,정상
073540,에프알텍,10,정상
073560,우리손에프앤지,10,정상
073570,어반리튬,10,정상
073640,테라사이언스,10,정상
074430,아미노로직스,10,정상
074600,원익QnC,10,정상
075130,플랜티넷,10,정상
075970,동국알앤에스,10,정상
076080,웰크론한텍,10,정상
076610,해성옵틱스,10,정상
077360,덕산하이메탈,10,정상
078020,이베스트투자증권,10,정상
078070,유비쿼스홀딩스,10,정상
078130,국일제지,10,정상
078140,대봉엘에스,10,정상
078150,HB테크놀러지,10,정상
078160,메디포스트,10,정상
078340,컴투스,10,정상
078350,한양디지텍,10,정상
078590,디아크,10,정상
078600,대주전자재료,10,정상
078650,지나인제약,10,투자주의환기종목
078860,아이오케이,10,정상
078890,가온미디어,10,정상
078940,코드네이처,10,정상
079000,와토스코리아,10,정상
079170,한창산업,10,정상
079190,케스피온,10,정상
079370,제우스,10,정상
079650,서산,10,정상
079810,디이엔티,10,정상
079940,가비아,10,정상
079950,인베니아,10,정상
079960,동양이엔피,10,정상
079970,투비소프트,10,투자주의환기종목
080000,에스엔유,10,정상
080010,이상네트웍스,10,정상
080160,모두투어,10,정상
080220,제주반도체,10,정상
080420,모다이노칩,10,정상
080470,성창오토텍,10,정상
080520,오디텍,10,정상
080530,코디,10,정상
080580,오킨스전자,10,정상
080720,한국유니온제약,10,정상
081150,티플랙스,10,정상
081580,성우전자,10,정상
082210,옵트론텍,10,정상
082270,젬백스,10,정상
082660,코스나인,10,투자주의환기종목
082800,비보존 제약,10,투자주의환기종목
082850,우리바이오,10,정상
082920,비츠로셀,10,정상
083310,엘오티베큠,10,정상
083450,GST,10,정상
083470,이엠앤아이,10,투자주의환기종목
083500,에프엔에스테크,10,정상
083550,케이엠,10,정상
083640,인콘,10,정상
083650,비에이치아이,10,정상
083660,CSA 코스믹,10,정상
083790,크리스탈지노믹스,10,정상
083930,아바코,10,정상
084110,휴온스글로벌,10,정상
084180,수성샐바시온,10,정상
084370,유진테크,10,정상
084440,유비온,10,정상
084650,랩지노믹스,10,정상
084730,팅크웨어,10,정상
084850,아이티엠반도체,10,정상
084990,헬릭스미스,10,정상
085370,루트로닉,10,정상
08537M,루트로닉3우C,10,정상
085660,차바이오텍,10,정상
085670,뉴프렉스,10,정상
085810,알티캐스트,10,정상
085910,네오티스,10,정상
086040,바이오톡스텍,10,정상
086060,진바이오텍,10,정상
086390,유니테스트,10,정상
086450,동국제약,10,정상
086520,에코프로,10,정상
086670,비엠티,10,정상
086710,선진뷰티사이언스,10,정상
086820,바이오솔루션,10,정상
086890,이수앱지스,10,정상
086900,메디톡스,10,정상
086960,MDS테크,10,정상
086980,쇼박스,10,정상
087010,펩트론,10,정상
087260,모바일어플라이언스,10,정상
087600,픽셀플러스,10,정상
088130,동아엘텍,10,정상
088290,이원컴포텍,10,정상
088390,이녹스,10,정상
088800,에이스테크,10,정상
088910,동우팜투테이블,10,정상
089010,켐트로닉스,10,정상
089030,테크윙,10,정상
089140,넥스턴바이오,10,정상
089150,케이씨티,10,정상
089230,THE E&M,10,정상
089530,에이티세미콘,10,정상
089600,나스미디어,10,정상
089790,제이티,10,정상
089850,유비벨록스,10,정상
089890,코세스,10,정상
089970,에이피티씨,10,정상
089980,상아프론테크,10,정상
090150,아이윈,10,정상
090360,로보스타,10,정상
090410,덕신하우징,10,정상
090460,비에이치,10,정상
090470,제이스텍,10,정상
090710,휴림로봇,10,정상
090850,현대이지웰,10,정상
091120,이엠텍,10,정상
091340,S&K폴리텍,10,정상
091440,텔레필드,10,정상
091580,상신이디피,10,정상
091590,남화토건,10,정상
091700,파트론,10,정상
091970,나노캠텍,10,투자주의환기종목
091990,셀트리온헬스케어,10,정상
092040,아미코젠,10,정상
092070,디엔에프,10,정상
092130,이크레더블,10,정상
092190,서울바이오시스,10,정상
092300,현우산업,10,정상
092460,한라IMS,10,정상
092600,앤씨앤,10,정상
092730,네오팜,10,정상
092870,엑시콘,10,정상
093190,빅솔론,10,정상
093320,케이아이엔엑스,10,정상
093380,풍강,10,정상
093520,매커스,10,정상
093640,다믈멀티미디어,10,정상
093920,서원인텍,10,정상
094170,동운아나텍,10,정상
094360,칩스앤미디어,10,정상
094480,갤럭시아머니트리,10,정상
094820,일진파워,10,정상
094840,슈프리마에이치큐,10,정상
094850,참좋은여행,10,정상
094860,네오리진,10,정상
094940,푸른기술,10,정상
094970,제이엠티,10,정상
095190,이엠코리아,10,정상
095270,웨이브일렉트로,10,정상
095340,ISC,10,정상
095500,미래나노텍,10,정상
095610,테스,10,정상
095660,네오위즈,10,정상
095700,제넥신,10,정상
095910,에스에너지,10,정상
096040,이트론,10,정상
096240,크레버스,10,정상
096350,대창솔루션,10,정상
096530,씨젠,10,정상
096610,알에프세미,10,정상
096630,에스코넥,10,정상
096640,멜파스,10,투자주의환기종목
096690,에이루트,10,정상
096870,엘디티,10,정상
097780,에스맥,10,정상
097800,윈팩,10,정상
097870,효성오앤비,10,정상
098120,마이크로컨텍솔,10,정상
098460,고영,10,정상
098660,에스티오,10,정상
099190,아이센스,10,정상
099220,SDN,10,정상
099320,쎄트렉아이,10,정상
099390,브레인즈컴퍼니,10,정상
099410,동방선기,10,정상
099430,바이오플러스,10,정상
099440,스맥,10,정상
099520,ITX-AI,10,투자주의환기종목
099750,이지케어텍,10,정상
100030,인지소프트,10,정상
100090,에스케이오션플랜트,10,정상
100120,뷰웍스,10,정상
100130,동국S&C,10,정상
100590,머큐리,10,정상
100660,서암기계공업,10,정상
100700,세운메디칼,10,정상
100790,미래에셋벤처투자,10,정상
101000,상상인인더스트리,10,정상
101160,월덱스,10,정상
101170,우림피티에스,10,정상
101240,씨큐브,10,정상
101330,모베이스,10,정상
101360,에코앤드림,10,정상
101390,아이엠,10,정상
101400,엔시트론,10,정상
101490,에스앤에스텍,10,정상
101670,하이드로리튬,10,정상
101680,한국정밀기계,10,정상
101730,위메이드맥스,10,정상
101930,인화정공,10,정상
102120,어보브반도체,10,정상
102370,케이옥션,10,정상
102710,이엔에프테크놀로지,10,정상
102940,코오롱생명과학,10,정상
103230,에스앤더블류,10,정상
103840,우양,10,정상
104040,대성파인텍,10,정상
104200,NHN벅스,10,정상
104460,디와이피엔에프,10,정상
104480,티케이케미칼,10,정상
104540,코렌텍,10,정상
104620,노랑풍선,10,정상
104830,원익머트리얼즈,10,정상
105330,케이엔더블유,10,정상
105550,트루윈,10,정상
105740,디케이락,10,정상
106080,하이소닉,10,정상
106190,하이텍팜,10,정상
106240,파인테크닉스,10,정상
106520,노블엠앤비,10,정상
107600,새빗켐,10,정상
108230,톱텍,10,정상
108380,대양전기공업,10,정상
108490,로보티즈,10,정상
108860,셀바스AI,10,정상
109080,옵티시스,10,정상
109610,에스와이,10,정상
109740,디에스케이,10,정상
109820,진매트릭스,10,정상
109860,동일금속,10,정상
109960,에이프로젠 H&G,10,정상
110020,전진바이오팜,10,정상
110790,크리스에프앤씨,10,정상
110990,디아이티,10,정상
111710,남화산업,10,정상
111870,KH 전자,10,정상
112040,위메이드,10,정상
112290,영창케미칼,10,정상
113810,디젠스,10,정상
114120,크루셜텍,10,투자주의환기종목
114190,강원에너지,10,정상
114450,KPX생명과학,10,정상
114630,폴라리스우노,10,정상
114810,한솔아이원스,10,투자주의환기종목
114840,아이패밀리에스씨,10,정상
115160,휴맥스,10,정상
115180,큐리언트,10,정상
115310,인포바인,10,정상
115440,우리넷,10,정상
115450,HLB테라퓨틱스,10,정상
115480,씨유메디칼,10,정상
115500,케이씨에스,10,정상
115530,씨엔플러스,10,정상
115570,스타플렉스,10,정상
115610,이미지스,10,정상
115960,연우,10,정상
117670,알파홀딩스,10,투자주의환기종목
117730,티로보틱스,10,정상
118990,모트렉스,10,정상
119500,포메탈,10,정상
119610,인터로조,10,정상
119830,아이텍,10,정상
119850,지엔씨에너지,10,정상
119860,커넥트웨이브,10,정상
120240,대정화금,10,정상
121440,골프존뉴딘홀딩스,10,정상
121600,나노신소재,10,정상
121800,비덴트,10,정상
121850,코이즈,10,정상
121890,에스디시스템,10,정상
122310,제노레이,10,정상
122350,삼기,10,정상
122450,KX,10,정상
122640,예스티,10,정상
122690,서진오토모티브,10,정상
122870,와이지엔터테인먼트,10,정상
122990,와이솔,10,정상
123010,아이윈플러스,10,정상
123040,엠에스오토텍,10,정상
123330,제닉,10,정상
123410,코리아에프티,10,정상
123420,위메이드플레이,10,정상
123570,이엠넷,10,정상
123750,알톤스포츠,10,정상
123840,한일진공,10,정상
123860,아나패스,10,정상
124500,아이티센,10,투자주의
124560,태웅로직스,10,정상
125210,아모그린텍,10,정상
126340,비나텍,10,정상
126600,BGF에코머티리얼즈,10,정상
126640,화신정공,10,정상
126700,하이비젼시스템,10,정상
126880,제이엔케이히터,10,정상
127120,디엔에이링크,10,정상
127710,아시아경제,10,정상
127980,화인써키트,10,정상
128540,에코캡,10,정상
128660,피제이메탈,10,정상
129890,앱코,10,정상
129920,대성하이텍,10,정상
130500,GH신소재,10,정상
130580,나이스디앤비,10,정상
130740,티피씨글로벌,10,정상
131030,옵투스제약,10,정상
131090,시큐브,10,정상
131100,초록뱀이앤엠,10,정상
131180,딜리,10,정상
131220,대한과학,10,정상
131290,티에스이,10,정상
131370,알서포트,10,정상
131400,이브이첨단소재,10,정상
131760,파인텍,10,정상
131970,두산테스나,10,정상
133750,메가엠디,10,정상
134060,이퓨쳐,10,정상
134580,탑코미디어,10,정상
136410,아셈스,10,정상
136480,하림,10,정상
136510,스마트솔루션즈,10,투자주의환기종목
136540,윈스,10,정상
137080,나래나노텍,10,정상
137400,피엔티,10,정상
137940,넥스트아이,10,정상
137950,제이씨케미칼,10,정상
138070,신진에스엠,10,정상
138080,오이솔루션,10,정상
138360,협진,10,정상
138580,비즈니스온,10,정상
138610,나이벡,10,정상
138690,엘아이에스,10,투자주의환기종목
139050,시티랩스,10,투자주의환기종목
139670,키네마스터,10,정상
140070,서플러스글로벌,10,정상
140410,메지온,10,정상
140520,대창스틸,10,정상
140670,알에스오토메이션,10,정상
140860,파크시스템스,10,정상
141000,비아트론,10,정상
141020,디에스앤엘,10,투자주의환기종목
141080,레고켐바이오,10,정상
142210,유니트론텍,10,정상
142280,녹십자엠에스,10,정상
142760,비엘,10,정상
143160,아이디스,10,정상
143240,사람인에이치알,10,정상
143540,영우디에스피,10,정상
144510,지씨셀,10,정상
144960,뉴파워프라즈마,10,투자주의환기종목
145020,휴젤,10,정상
146320,비씨엔씨,10,정상
147760,마이크로프랜드,10,정상
147830,제룡산업,10,정상
148140,비디아이,10,투자주의환기종목
148150,세경하이테크,10,정상
148250,알엔투테크놀로지,10,정상
148780,비플라이소프트,10,정상
148930,에이치와이티씨,10,정상
149950,아바텍,10,정상
149980,하이로닉,10,정상
150840,인트로메딕,10,투자주의환기종목
150900,파수,10,정상
151860,KG ETS,10,정상
151910,SBW생명과학,10,정상
153460,네이블,10,정상
153490,우리이앤엘,10,정상
153710,옵티팜,10,정상
154030,아시아종묘,10,정상
154040,솔루에타,10,정상
155650,와이엠씨,10,정상
156100,엘앤케이바이오,10,정상
158430,아톤,10,정상
159010,아스플로,10,정상
159580,제로투세븐,10,정상
159910,스킨앤스킨,10,정상
160550,NEW,10,정상
160600,이큐셀,10,정상
160980,싸이맥스,10,정상
161570,THE MIDONG,10,정상
161580,필옵틱스,10,정상
162300,신스틸,10,정상
163730,핑거,10,정상
164060,이루다,10,정상
166090,하나머티리얼즈,10,정상
166480,코아스템켐온,10,정상
168330,내츄럴엔도텍,10,정상
168360,펨트론,10,정상
169330,엠브레인,10,정상
170030,현대공업,10,정상
170790,파이오링크,10,정상
170920,엘티씨,10,정상
171010,램테크놀러지,10,정상
171090,선익시스템,10,정상
171120,라이온켐텍,10,정상
173130,오파스넷,10,정상
173940,에프엔씨엔터,10,정상
174880,장원테크,10,투자주의환기종목
174900,앱클론,10,정상
175140,인포마크,10,정상
175250,아이큐어,10,정상
177350,베셀,10,정상
177830,파버나인,10,정상
178320,서진시스템,10,정상
178780,유테크,10,투자주의환기종목
179290,엠아이텍,10,정상
179530,애드바이오텍,10,정상
179900,유티아이,10,정상
180400,DXVX,10,정상
181340,이즈미디어,10,투자주의환기종목
182360,큐브엔터,10,정상
182400,엔케이맥스,10,정상
183300,코미코,10,정상
183490,엔지켐생명과학,10,정상
184230,SGA솔루션즈,10,정상
185490,아이진,10,정상
186230,그린플러스,10,정상
187220,디티앤씨,10,정상
187270,신화콘텍,10,정상
187420,제노포커스,10,정상
187660,에이디엠코리아,10,정상
187790,나노,10,정상
187870,디바이스이엔지,10,정상
189300,인텔리안테크,10,정상
189330,씨이랩,10,정상
189690,포시에스,10,정상
189860,서전기전,10,정상
189980,흥국에프엔비,10,정상
190510,나무가,10,정상
190650,코리아에셋투자증권,10,정상
191410,육일씨엔에쓰,10,정상
191420,테고사이언스,10,정상
192250,케이사인,10,정상
192390,윈하이텍,10,정상
192410,휴림네트웍스,10,정상
192440,슈피겐코리아,10,정상
193250,와이제이엠게임즈,10,정상
194480,데브시스터즈,10,정상
194700,노바렉스,10,정상
195500,마니커에프앤지,10,정상
195940,HK이노엔,10,정상
195990,에이비프로바이오,10,정상
196170,알테오젠,10,정상
196300,애니젠,10,정상
196450,코아시아옵틱스,10,정상
196490,디에이테크놀로지,10,투자주의환기종목
196700,웹스,10,정상
197140,디지캡,10,정상
198080,엔피디,10,정상
198440,고려시멘트,10,정상
198940,한주라이트메탈,10,정상
199730,바이오인프라,10,정상
199800,툴젠,10,정상
199820,제일전기공업,10,정상
200130,콜마비앤에이치,10,정상
200230,텔콘RF제약,10,정상
200350,래몽래인,10,정상
200470,에이팩트,10,정상
200670,휴메딕스,10,정상
200710,에이디테크놀로지,10,정상
200780,비씨월드제약,10,정상
201490,미투온,10,정상
203400,에이비온,10,정상
203450,유니온커뮤니티,10,정상
203650,드림시큐리티,10,정상
203690,프로스테믹스,10,정상
204020,그리티,10,정상
204270,제이앤티씨,10,정상
204610,티쓰리,10,정상
204620,글로벌텍스프리,10,정상
204630,스튜디오산타클로스,10,정상
204840,지엘팜텍,10,정상
205100,엑셈,10,정상
205470,휴마시스,10,정상
205500,액션스퀘어,10,정상
206400,베노홀딩스,10,정상
206560,덱스터,10,정상
206640,바디텍메드,10,정상
206650,유바이오로직스,10,정상
207760,미스터블루,10,정상
208140,정다운,10,정상
208340,파멥신,10,정상
208350,지란지교시큐리티,10,정상
208370,셀바스헬스케어,10,투자경고
208640,썸에이지,10,정상
208710,바이오로그디바이스,10,정상
208860,엔지스테크널러지,10,투자주의환기종목
211050,인카금융서비스,10,정상
211270,AP위성,10,정상
212560,네오오토,10,정상
213420,덕산네오룩스,10,정상
214150,클래시스,10,정상
214180,헥토이노베이션,10,정상
214260,라파스,10,정상
214270,FSN,10,정상
214310,에스엘바이오닉스,10,투자주의환기종목
214370,케어젠,10,정상
214430,아이쓰리시스템,10,정상
214450,파마리서치,10,정상
214610,미코바이오메드,10,정상
214680,디알텍,10,정상
214870,뉴지랩파마,10,투자주의환기종목
215000,골프존,10,정상
215090,휴센텍,10,투자주의환기종목
215100,로보로보,10,정상
215200,메가스터디교육,10,정상
215360,우리산업,10,정상
215380,우정바이오,10,정상
215480,토박스코리아,10,정상
215600,신라젠,10,정상
215790,이노인스트루먼트,10,정상
216050,인크로스,10,정상
216080,제테마,10,정상
217190,제너셈,10,정상
217270,넵튠,10,정상
217330,싸이토젠,10,정상
217480,에스디생명공학,10,정상
217500,러셀,10,정상
217620,디딤이앤에프,10,정상
217730,강스템바이오텍,10,정상
217820,원익피앤이,10,정상
218150,미래생명자원,10,정상
218410,RFHIC,10,정상
219130,타이거일렉,10,정상
219420,링크제니시스,10,정상
219550,디와이디,10,투자주의환기종목
219750,지티지웰니스,10,투자주의환기종목
220100,퓨쳐켐,10,정상
220180,핸디소프트,10,정상
220260,켐트로스,10,정상
221840,하이즈항공,10,정상
221980,케이디켐,10,정상
222040,코스맥스엔비티,10,정상
222080,씨아이에스,10,정상
222110,팬젠,10,정상
222160,바이옵트로,10,정상
222420,쎄노텍,10,정상
222800,심텍,10,정상
222810,세토피아,10,정상
222980,한국맥널티,10,정상
223250,드림씨아이에스,10,정상
223310,커머스마이너,10,정상
224060,더코디,10,정상
224110,에이텍티앤,10,정상
225190,삼양옵틱스,10,정상
225220,제놀루션,10,정상
225430,케이엠제약,10,정상
225530,보광산업,10,정상
225570,넥슨게임즈,10,정상
225590,패션플랫폼,10,정상
226330,신테카바이오,10,정상
226340,본느,10,정상
226360,KH 건설,10,정상
226400,오스테오닉,10,정상
226440,한송네오텍,10,투자주의환기종목
226950,올릭스,10,정상
227100,에이치앤비디자인,10,정상
227610,아우딘퓨쳐스,10,정상
227950,엔투텍,10,투자주의환기종목
228340,동양파일,10,정상
228670,레이,10,정상
228760,지노믹트리,10,정상
228850,레이언스,10,정상
229000,젠큐릭스,10,정상
230240,에치에프알,10,정상
230360,에코마케팅,10,정상
230980,에이트원,10,정상
232140,와이아이케이,10,정상
232680,라온테크,10,정상
234100,폴라리스세원,10,정상
234300,에스트래픽,10,정상
234340,헥토파이낸셜,10,정상
234690,녹십자웰빙,10,정상
234920,자이글,10,투자주의
235980,메드팩토,10,정상
236200,슈프리마,10,정상
236810,엔비티,10,정상
237690,에스티팜,10,정상
237750,피앤씨테크,10,정상
237820,플레이디,10,정상
237880,클리오,10,정상
238090,앤디포스,10,정상
238120,얼라인드,10,정상
238200,비피도,10,정상
238490,힘스,10,정상
239340,줌인터넷,10,정상
239610,에이치엘사이언스,10,정상
239890,피엔에이치테크,10,정상
240810,원익IPS,10,정상
241520,DSC인베스트먼트,10,정상
241690,유니테크노,10,정상
241710,코스메카코리아,10,정상
241770,메카로,10,정상
241790,오션브릿지,10,정상
241820,피씨엘,10,투자주의환기종목
241840,에이스토리,10,정상
242040,나무기술,10,정상
243070,휴온스,10,정상
243840,신흥에스이씨,10,정상
244460,올리패스,10,정상
245620,EDGC,10,정상
246690,TS인베스트먼트,10,정상
246710,티앤알바이오팹,10,정상
246720,아스타,10,투자주의
246960,이노테라피,10,정상
247540,에코프로비엠,10,정상
247660,나노씨엠에스,10,정상
250000,보라티알,10,정상
250060,모비스,10,정상
250930,예선테크,10,정상
251120,바이오에프디엔씨,10,정상
251370,와이엠티,10,정상
251630,브이원텍,10,정상
251970,펌텍코리아,10,정상
252500,세화피앤씨,10,정상
252990,샘씨엔에스,10,정상
253450,스튜디오드래곤,10,정상
253590,네오셈,10,정상
253840,수젠텍,10,정상
254120,자비스,10,정상
254490,미래반도체,10,정상
255220,SG,10,정상
255440,야스,10,정상
256150,한독크린텍,10,정상
256630,포인트엔지니어링,10,정상
256840,한국비엔씨,10,정상
256940,케이피에스,10,정상
257370,명성티엔에스,10,투자주의환기종목
257720,실리콘투,10,정상
258610,케일럼,10,정상
258790,소프트캠프,10,정상
258830,세종메디칼,10,정상
259630,엠플러스,10,정상
260660,알리코제약,10,정상
260930,씨티케이,10,정상
260970,에스앤디,10,정상
261200,덴티스,10,정상
261780,차백신연구소,10,정상
262260,에이프로,10,정상
262840,아이퀘스트,10,정상
263020,디케이앤디,10,정상
263050,유틸렉스,10,정상
263540,어스앤에어로스페이스,10,투자주의환기종목
263600,덕우전자,10,정상
263690,디알젬,10,정상
263700,케어랩스,10,정상
263720,디앤씨미디어,10,정상
263750,펄어비스,10,정상
263770,유에스티,10,정상
263800,데이타솔루션,10,정상
263810,상신전자,10,정상
263860,지니언스,10,정상
263920,휴엠앤씨,10,정상
264450,유비쿼스,10,정상
264660,씨앤지하이테크,10,정상
264850,이랜시스,10,정상
265520,AP시스템,10,정상
265560,영화테크,10,정상
265740,엔에프씨,10,정상
267320,나인테크,10,정상
267790,배럴,10,정상
267980,매일유업,10,정상
268600,셀리버리,10,정상
269620,시스웍,10,투자주의환기종목
270520,지엔원에너지,10,정상
270660,에브리봇,10,정상
270870,뉴트리,10,정상
272110,케이엔제이,10,정상
272290,이녹스첨단소재,10,정상
273060,와이즈버즈,10,정상
273640,와이엠텍,10,정상
274090,켄코아에어로스페이스,10,정상
275630,에스에스알,10,정상
276040,스코넥,10,정상
276730,제주맥주,10,정상
277070,린드먼아시아,10,정상
277410,인산가,10,정상
277810,레인보우로보틱스,10,정상
277880,티에스아이,10,정상
278280,천보,10,정상
278650,노터스,10,정상
279600,미디어젠,10,정상
281740,레이크머티리얼즈,10,정상
282720,금양그린파워,10,정상
282880,코윈테크,10,정상
284620,카이노스메드,10,정상
285490,노바텍,10,정상
286750,나노브릭,10,정상
287410,제이시스메디칼,10,정상
288330,브릿지바이오테라퓨틱스,10,정상
288620,에스퓨얼셀,10,정상
288980,모아데이타,10,정상
289010,아이스크림에듀,10,정상
289080,SV인베스트먼트,10,정상
289220,자이언트스텝,10,정상
290090,트윔,10,정상
290120,대유에이피,10,정상
290270,휴네시온,10,정상
290380,대유,10,정상
290520,신도기연,10,정상
290550,디케이티,10,정상
290650,엘앤씨바이오,10,정상
290660,네오펙트,10,정상
290670,대보마그네틱,10,정상
290690,소룩스,10,정상
290720,푸드나무,10,정상
290740,액트로,10,정상
291230,엔피,10,정상
291650,압타머사이언스,10,정상
291810,핀텔,10,정상
293490,카카오게임즈,10,정상
293580,나우IB,10,정상
293780,압타바이오,10,정상
294090,이오플로우,10,정상
294140,레몬,10,투자경고
294570,쿠콘,10,정상
294630,서남,10,정상
296640,이노룰스,10,정상
297090,씨에스베어링,10,정상
297570,알로이스,10,정상
297890,HB솔루션,10,정상
298060,에스씨엠생명과학,10,정상
298380,에이비엘바이오,10,정상
298540,더네이쳐홀딩스,10,정상
298870,다올인베스트먼트,10,정상
299030,하나기술,10,정상
299170,더블유에스아이,10,정상
299660,셀리드,10,정상
299900,위지윅스튜디오,10,정상
299910,베스파,10,투자주의환기종목
300080,플리토,10,정상
300120,라온피플,10,정상
301300,바이브컴퍼니,10,정상
302430,이노메트리,10,정상
302550,리메드,10,정상
303030,지니틱스,10,정상
303530,이노뎁,10,정상
304100,솔트룩스,10,정상
304840,피플바이오,10,정상
305090,마이크로디지탈,10,정상
306040,에스제이그룹,10,정상
306620,네온테크,10,정상
307180,아이엘사이언스,10,정상
307280,원바이오젠,10,정상
307750,국전약품,10,정상
307870,비투엔,10,정상
307930,컴퍼니케이,10,정상
308080,바이젠셀,10,정상
308100,까스텔바작,10,정상
309930,오하임아이엔티,10,정상
310200,애니플러스,10,정상
310210,보로노이,10,정상
310870,디와이씨,10,정상
311320,지오엘리먼트,10,정상
311390,네오크레마,10,정상
311690,CJ 바이오사이언스,10,정상
312610,에이에프더블류,10,정상
313760,윌링스,10,정상
314130,지놈앤컴퍼니,10,정상
314140,알피바이오,10,정상
314930,바이오다인,10,정상
315640,딥노이드,10,정상
317120,라닉스,10,정상
317240,TS트릴리온,10,정상
317330,덕산테코피아,10,정상
317530,캐리소프트,10,정상
317690,퀀타매트릭스,10,정상
317770,슈프리마아이디,10,정상
317830,에스피시스템스,10,투자주의
317850,대모,10,정상
317870,엔바이오니아,10,정상
318000,KBG,10,정상
318010,팜스빌,10,정상
318020,포인트모바일,10,투자주의환기종목
318410,비비씨,10,정상
319400,현대무벡스,10,정상
319660,피에스케이,10,정상
320000,윈텍,10,정상
321260,프로이천,10,투자주의
321550,티움바이오,10,정상
321820,와이더플래닛,10,정상
322180,티라유텍,10,정상
322310,오로스테크놀로지,10,정상
322510,제이엘케이,10,투자주의
322780,코퍼스코리아,10,정상
323230,엠에프엠코리아,10,정상
323280,태성,10,정상
323990,박셀바이오,10,정상
327260,RF머트리얼즈,10,정상
328130,루닛,10,정상
328380,솔트웨어,10,정상
330350,위더스제약,10,정상
330730,스톤브릿지벤처스,10,정상
330860,네패스아크,10,정상
331380,포커스에이치엔에스,10,정상
331520,밸로프,10,정상
331920,셀레믹스,10,정상
332290,누보,10,정상
332370,아이디피,10,정상
332570,와이팜,10,정상
333050,모코엠시스,10,정상
333430,일승,10,정상
333620,엔시스,10,정상
334970,프레스티지바이오로직스,10,정상
335810,프리시젼바이오,10,정상
335870,윙스풋,10,정상
335890,비올,10,정상
336060,웨이버스,10,정상
336570,원텍,10,정상
337930,브랜드엑스코퍼레이션,10,정상
338220,뷰노,10,정상
339950,아이비김영,10,정상
340360,다보링크,10,정상
340440,세림B&G,10,정상
340570,티앤엘,10,정상
340930,유일에너테크,10,정상
344860,이노진,10,정상
347000,센코,10,정상
347700,라이프시맨틱스,10,정상
347740,피엔케이피부임상연구센타,10,정상
347770,핌스,10,정상
347860,알체라,10,정상
347890,엠투아이,10,정상
348030,모비릭스,10,정상
348150,고바이오랩,10,정상
348210,넥스틴,10,정상
348340,뉴로메카,10,정상
348350,위드텍,10,정상
348370,엔켐,10,정상
351320,에스에이티이엔지,10,정상
351330,이삭엔지니어링,10,정상
352480,씨앤씨인터내셔널,10,정상
352700,씨앤투스,10,정상
352770,클리노믹스,10,정상
352910,오비고,10,정상
352940,인바이오,10,정상
353060,에이치엠씨제5호스팩,10,정상
353190,휴럼,10,정상
353490,미래에셋대우스팩 5호,10,정상
353590,오토앤,10,정상
353810,이지바이오,10,정상
354200,엔젠바이오,10,정상
355150,교보10호스팩,10,정상
356680,엑스게이트,10,정상
356860,티엘비,10,정상
356890,싸이버원,10,정상
357230,에이치피오,10,정상
357550,석경에이티,10,정상
357580,아모센스,10,정상
357780,솔브레인,10,정상
357880,비트나인,10,정상
359090,씨엔알리서치,10,정상
360070,탑머티리얼,10,정상
361390,제노코,10,정상
361570,알비더블유,10,정상
361670,삼영에스앤씨,10,정상
362320,청담글로벌,10,정상
363250,진시스템,10,정상
363260,모비데이즈,10,정상
365270,큐라클,10,정상
365340,성일하이텍,10,정상
365590,하이딥,10,정상
365900,브이씨,10,정상
366030,공구우먼,10,정상
366330,신한제7호스팩,10,정상
367000,플래티어,10,정상
367340,DB금융스팩8호,10,정상
367360,DB금융스팩9호,10,정상
367480,유안타제8호스팩,10,정상
368600,아이씨에이치,10,정상
368770,파이버프로,10,정상
368970,오에스피,10,정상
369370,블리츠웨이,10,정상
370090,퓨런티어,10,정상
371950,풍원정밀,10,정상
372170,윤성에프앤씨,10,정상
372290,하나머스트7호스팩,10,정상
372800,아이티아이즈,10,정상
373200,하인크코리아,10,정상
373340,유진스팩6호,10,정상
376180,피코그램,10,정상
376190,엘비루셈,10,정상
376290,씨유테크,10,정상
376300,디어유,10,정상
376930,노을,10,정상
376980,원티드랩,10,정상
377030,맥스트,10,정상
377220,프롬바이오,10,정상
377330,이지트로닉스,10,정상
377400,하이제6호스팩,10,정상
377450,리파인,10,정상
377460,위니아에이드,10,정상
377480,마인즈랩,10,정상
377630,삼성스팩4호,10,정상
378800,샤페론,10,정상
380320,삼성머스트스팩5호,10,정상
380540,옵티코어,10,정상
382480,지아이텍,10,정상
382800,지앤비에스엔지니어링,10,정상
382840,원준,10,정상
382900,범한퓨얼셀,10,정상
383310,에코프로에이치엔,10,정상
383930,디티앤씨알오,10,정상
386580,한화플러스제2호스팩,10,정상
387310,대신밸런스제10호스팩,10,정상
388050,지투파워,10,정상
388220,하나금융19호스팩,10,정상
388720,유일로보틱스,10,정상
388790,라이콤,10,정상
388800,유진스팩7호,10,정상
389020,자람테크놀로지,10,정상
389030,지니너스,10,정상
389140,포바이포,10,정상
389260,대명에너지,10,정상
389470,인벤티지랩,10,정상
389500,에스비비테크,10,정상
391060,엔에이치스팩20호,10,정상
391710,코닉오토메이션,10,정상
393360,신한제8호스팩,10,정상
393890,더블유씨피,10,정상
394280,오픈엣지테크놀로지,10,정상
396270,넥스트칩,10,정상
396300,세아메카닉스,10,정상
396770,엔에이치스팩22호,10,정상
397030,에이프릴바이오,10,정상
397880,교보11호스팩,10,정상
399720,가온칩스,10,정상
400560,하나금융20호스팩,10,정상
400840,하이제7호스팩,10,정상
402030,코난테크놀로지,10,정상
403870,HPSP,10,정상
404950,DB금융스팩10호,10,정상
405000,플라즈맵,10,정상
405100,큐알티,10,정상
405350,IBKS제17호스팩,10,정상
405640,신한제9호스팩,10,정상
406760,하나금융21호스팩,10,정상
407400,꿈비,10,정상
408900,스튜디오미르,10,정상
408920,메쎄이상,10,정상
409570,한국제10호스팩,10,정상
411080,샌즈랩,10,정상
412350,레이저쎌,10,정상
412930,미래에셋비전스팩1호,10,정상
413600,키움제6호스팩,10,정상
413630,유진스팩8호,10,정상
415580,상상인제3호스팩,10,정상
417010,나노팀,10,정상
417180,핑거스토리,10,정상
417500,제이아이테크,10,정상
417840,저스템,10,정상
417860,오브젠,10,정상
417970,모델솔루션,10,정상
418170,하나금융22호스팩,10,정상
418210,신한제10호스팩,10,정상
418420,라온텍,10,정상
418550,제이오,10,정상
419050,삼기이브이,10,정상
419080,엔젯,10,정상
419120,산돌,10,정상
419270,신영스팩7호,10,정상
419530,SAMG엔터,10,정상
419540,비스토스,10,정상
421800,교보12호스팩,10,정상
422040,엔에이치스팩23호,10,정상
424140,케이비제21호스팩,10,정상
424760,IBKS제18호스팩,10,정상
425040,티이엠씨,10,정상
425290,삼성스팩6호,10,정상
425420,티에프이,10,정상
426550,IBKS제19호스팩,10,정상
426670,대신밸런스제12호스팩,10,정상
427950,하나금융23호스팩,10,정상
430220,신영스팩8호,10,정상
430230,하나금융24호스팩,10,정상
430460,한화플러스제3호스팩,10,정상
430700,유안타제9호스팩,10,정상
433530,키움제7호스팩,10,정상
435380,유안타제10호스팩,10,정상
435620,하나금융25호스팩,10,정상
435870,에스케이증권제8호스팩,10,정상
436530,케이비제22호스팩,10,정상
436610,한국제11호스팩,10,투자주의
437780,엔에이치스팩24호,10,정상
438220,대신밸런스제13호스팩,10,정상
438580,엔에이치스팩25호,10,정상
439250,삼성스팩7호,10,정상
439410,엔에이치스팩26호,10,정상
439730,IBKS제20호스팩,10,정상
440200,케이비제23호스팩,10,정상
440790,교보13호스팩,10,정상
440820,엔에이치스팩27호,10,정상
441270,파인엠텍,10,정상
442130,유진스팩9호,10,정상
442310,대신밸런스제14호스팩,10,정상
442770,IBKS제21호스팩,10,정상
442900,미래에셋드림스팩1호,10,정상
445360,비엔케이제1호스팩,10,정상
445970,신영스팩9호,10,정상
446150,유안타제12호스팩,10,정상
446190,미래에셋비전스팩2호,10,정상
446750,하나26호스팩,10,정상
448740,삼성스팩8호,10,정상
449020,유안타제13호스팩,10,정상
450410,엔에이치스팩28호,10,정상
950190,미투젠,10,정상
950110,SBI핀테크솔루션즈,10,정상
950170,JTC,10,정상
950130,엑세스바이오,10,정상
950140,잉글우드랩,10,정상
950160,코오롱티슈진,10,정상
950220,네오이뮨텍,10,정상
950200,소마젠,10,정상
900280,골든센츄리,10,정상
900120,씨케이에이치,10,정상
900250,크리스탈신소재,10,정상
900070,글로벌에스엠,10,정상
900100,애머릿지,10,정상
